paths,target,contrast,energy,homogeneity,correlation,dissimilarity,sharpness,brightness,size,noise,Number of Anomalies,Anomaly
./pages/models/Bone Fracture/Baseline/fracture/10-rotated1-rotated1-rotated1.jpg,fracture,62.048986486486484,0.1813549049325009,0.5738944211163759,0.9816866572961446,2.942688223938223,71.39404312405473,83.98292012117346,150528,41.460236600387816,0,False
./pages/models/Bone Fracture/Baseline/fracture/10-rotated1-rotated1-rotated2.jpg,fracture,61.69194417631918,0.18365783231632074,0.5685580388161495,0.9824581580540904,3.0627212033462032,68.40407027427678,82.43401227678571,150528,42.218974822153726,0,False
./pages/models/Bone Fracture/Baseline/fracture/10-rotated1-rotated1-rotated3.jpg,fracture,60.97057995495496,0.189453132720888,0.5732464979767044,0.9831496781388048,3.129725707850708,64.40902929810473,81.08561862244898,150528,42.803942096404,0,False
./pages/models/Bone Fracture/Baseline/fracture/10-rotated1-rotated1.jpg,fracture,127.8548503861004,0.1729051953856053,0.5728593675153403,0.9597412220519218,3.4116795366795367,185.0194143385055,85.64018654336735,150528,40.36316374370852,0,False
./pages/models/Bone Fracture/Baseline/fracture/10-rotated1-rotated2-rotated1.jpg,fracture,72.38002734877733,0.17392683314687535,0.5871962083988193,0.977606188999724,2.725305662805662,91.0192869806826,85.7684550382653,150528,40.51494263826268,0,False
./pages/models/Bone Fracture/Baseline/fracture/10-rotated1-rotated2-rotated2.jpg,fracture,111.90112210424712,0.16217434417265406,0.5639228745167186,0.9619073704078881,3.226773648648649,114.73998034849407,87.30506616709184,150528,38.86558719264188,0,False
./pages/models/Bone Fracture/Baseline/fracture/10-rotated1-rotated2-rotated3.jpg,fracture,67.44578507078506,0.19671190276534486,0.5791761521379404,0.982441318586711,3.16988416988417,76.62703566608802,79.41412228954081,150528,44.0732328694789,0,False
./pages/models/Bone Fracture/Baseline/fracture/10-rotated1-rotated2.jpg,fracture,69.67125160875159,0.17747289431453298,0.5679710864275231,0.9791696132460743,3.0820061132561123,101.1116596112297,84.54450334821429,150528,41.18840306294318,0,False
./pages/models/Bone Fracture/Baseline/fracture/10-rotated1-rotated3-rotated1.jpg,fracture,88.97663288288288,0.20208282091251037,0.5719283935150338,0.9765397697091209,3.6578989703989704,211.13581883098024,77.45904416454081,150528,43.81633087466957,0,False
./pages/models/Bone Fracture/Baseline/fracture/10-rotated1-rotated3-rotated2.jpg,fracture,110.29466296653797,0.19633292403580985,0.5915452376152808,0.9708121161578972,3.384833494208494,164.77129650910362,77.42237324617346,150528,43.78527678621266,0,False
./pages/models/Bone Fracture/Baseline/fracture/10-rotated1-rotated3-rotated3.jpg,fracture,109.51650981338481,0.199978099322662,0.5968451142375601,0.9710625009397554,3.3317446911196913,161.52182026815038,77.41856664540816,150528,43.816166543415115,0,False
./pages/models/Bone Fracture/Baseline/fracture/10-rotated1-rotated3.jpg,fracture,74.15118243243244,0.20145946561484143,0.5695060689294954,0.9805729146573658,3.691602316602316,111.24363241032826,77.7358099489796,150528,43.93765964185127,3,False
./pages/models/Bone Fracture/Baseline/fracture/10-rotated1.jpg,fracture,88.13728684041185,0.1688100321472529,0.5610198973933433,0.9664019768205744,3.204814189189188,223.19331093223727,90.20655293367346,150528,36.5874640283164,12,False
./pages/models/Bone Fracture/Baseline/fracture/10-rotated2-rotated1-rotated2.jpg,fracture,88.34141731016729,0.17400020540146136,0.5729558511838598,0.9716634408837714,3.0559845559845558,172.70429808852174,86.15698740433673,150528,39.839731042360015,0,False
./pages/models/Bone Fracture/Baseline/fracture/10-rotated2-rotated1-rotated3.jpg,fracture,61.753478925353924,0.18613524153312075,0.5719283746103219,0.9827844721719606,3.1105413449163457,70.35454180835436,81.51486766581633,150528,42.628721846590025,0,False
./pages/models/Bone Fracture/Baseline/fracture/10-rotated2-rotated2-rotated1.jpg,fracture,70.2586068211068,0.2006946541483593,0.5829057657610299,0.9820635656101954,3.2504021879021874,81.73626548674939,78.51835538903062,150528,44.507196801164085,0,False
./pages/models/Bone Fracture/Baseline/fracture/10-rotated2-rotated2-rotated2.jpg,fracture,70.25424308236806,0.19273386184468244,0.5840076621199611,0.9813123681072009,3.0040822072072064,80.6239835519882,80.97658242984694,150528,43.62458597901672,0,False
./pages/models/Bone Fracture/Baseline/fracture/10-rotated2-rotated2-rotated3.jpg,fracture,123.02738899613901,0.17568997737136227,0.5771384323259515,0.9639834887999877,3.2921090733590734,161.705521761105,83.90688775510205,150528,41.75033915917054,0,False
./pages/models/Bone Fracture/Baseline/fracture/10-rotated2-rotated2.jpg,fracture,85.7581443050193,0.1754369330640404,0.5814337048886696,0.9741052704461186,2.953567406692407,158.8886202832452,85.34797512755102,150528,40.99412667979618,0,False
./pages/models/Bone Fracture/Baseline/fracture/10-rotated2-rotated3-rotated1.jpg,fracture,71.761763996139,0.1917061068311358,0.5699392114496304,0.9803779716232017,3.4009612290862288,106.34470474993076,80.69252232142857,150528,43.03303198016324,0,False
./pages/models/Bone Fracture/Baseline/fracture/10-rotated2-rotated3-rotated2.jpg,fracture,68.79222972972973,0.2051616064115934,0.5658619174446659,0.982451327457088,3.7497184684684686,71.19833947856543,75.65682796556122,150528,44.53436278968866,0,False
./pages/models/Bone Fracture/Baseline/fracture/10-rotated2-rotated3-rotated3.jpg,fracture,60.428008365508354,0.19621519208248434,0.5701353024566784,0.9838378027958647,3.309403153153152,69.68825979324144,79.02556999362245,150528,43.50298117242583,0,False
./pages/models/Bone Fracture/Baseline/fracture/10-rotated3-rotated1-rotated1.jpg,fracture,58.4004786036036,0.17267106909189114,0.5640452019209594,0.9812342511861079,2.9485802767052762,62.87942252542416,85.65720663265306,150528,39.761684431494494,0,False
./pages/models/Bone Fracture/Baseline/fracture/10-rotated3-rotated1-rotated2.jpg,fracture,58.638231981981974,0.18112588493307183,0.5615543151857583,0.9828125298305962,3.1603120978120978,63.64065849458313,82.37005739795919,150528,41.59012114795168,0,False
./pages/models/Bone Fracture/Baseline/fracture/10-rotated3-rotated1-rotated3.jpg,fracture,116.97120334620334,0.1647641779182082,0.5720101057410539,0.9589873275993328,3.2110279922779927,161.7054721807649,87.52670599489795,150528,38.32046076352844,0,False
./pages/models/Bone Fracture/Baseline/fracture/10-rotated3-rotated2-rotated1.jpg,fracture,70.7844473938224,0.1721608717565562,0.5987356108874674,0.9784806051176582,2.6586027992277987,86.1714902283598,85.23816167091837,150528,40.86102745176525,0,False
./pages/models/Bone Fracture/Baseline/fracture/10-rotated3-rotated2.jpg,fracture,122.99885376447878,0.17937309341948698,0.5793601899769363,0.9641381186111366,3.44118001930502,190.66610906522308,83.02196269132654,150528,41.85263161833418,6,False
./pages/models/Bone Fracture/Baseline/fracture/10-rotated3-rotated3.jpg,fracture,79.9775579150579,0.20428606165327054,0.5620975071958223,0.9796341173386901,4.034507722007722,102.34797085051434,75.63135762117346,150528,44.566864388527044,0,False
./pages/models/Bone Fracture/Baseline/fracture/10.jpg,fracture,9.32126984257111,0.18053383352780025,0.7300035630334301,0.9954155734343905,0.9265201137882131,13.322350079417431,94.4612632661263,21976272,31.896615380719844,37140,True
./pages/models/Bone Fracture/Baseline/fracture/100-rotated1-rotated1-rotated1.jpg,fracture,216.9188183719434,0.10668475707050125,0.5110610710340527,0.9650904927016816,4.420869530244531,285.7521267513195,66.86156728316327,150528,55.812733613266616,2649,True
./pages/models/Bone Fracture/Baseline/fracture/100-rotated1-rotated1-rotated2.jpg,fracture,197.92467020592022,0.12032219750437281,0.559801224939919,0.9681738497599747,3.831161518661519,234.97781394790078,65.76014429209184,150528,55.76225869626361,2700,True
./pages/models/Bone Fracture/Baseline/fracture/100-rotated1-rotated1-rotated3.jpg,fracture,233.02471444658943,0.11349617806079261,0.5162432404106325,0.9631322693442416,4.626829954954955,303.41273017726024,66.87274792729592,150528,56.25772135488533,2811,True
./pages/models/Bone Fracture/Baseline/fracture/100-rotated1-rotated1.jpg,fracture,260.9786438223938,0.11351716936176855,0.5239625209551966,0.9590035513594797,4.608309202059201,480.99956704973425,67.81987404336735,150528,56.45905525875522,2589,True
./pages/models/Bone Fracture/Baseline/fracture/100-rotated1-rotated2-rotated1.jpg,fracture,195.05815637065635,0.1119173069157693,0.530878252806022,0.9685489248511296,4.029802123552123,277.2712715713742,68.95398198341837,150528,55.72540216916208,2589,True
./pages/models/Bone Fracture/Baseline/fracture/100-rotated1-rotated2-rotated2.jpg,fracture,194.26069819819818,0.11198182408348267,0.5463975963977844,0.9684473866145867,3.867921492921493,256.44145341775453,68.99274553571429,150528,55.49647488334137,2772,True
./pages/models/Bone Fracture/Baseline/fracture/100-rotated1-rotated2.jpg,fracture,236.2207207207207,0.1155597364953285,0.5213551146299789,0.9626727727045811,4.679214929214929,293.61991557217004,66.57330197704081,150528,56.28383980604476,2733,True
./pages/models/Bone Fracture/Baseline/fracture/100-rotated1-rotated3-rotated1.jpg,fracture,216.5896677927928,0.11597171585207633,0.5293780526967375,0.9635388706251174,4.376749517374517,302.60928529622606,64.78537547831633,150528,54.49581671241108,2259,False
./pages/models/Bone Fracture/Baseline/fracture/100-rotated1-rotated3-rotated2.jpg,fracture,208.1646155083655,0.11224066131073834,0.5308176361020064,0.9648997121393578,4.223254504504505,304.9779374417738,65.49812659438776,150528,54.45525024289083,2367,False
./pages/models/Bone Fracture/Baseline/fracture/100-rotated2-rotated1-rotated2.jpg,fracture,192.09481579794078,0.12373021896251726,0.5424745702267987,0.9679889996945676,4.019847972972972,188.87026532517524,64.06957509566327,150528,54.77669186475781,2202,False
./pages/models/Bone Fracture/Baseline/fracture/100-rotated2-rotated1-rotated3.jpg,fracture,192.09481579794078,0.12373021896251726,0.5424745702267987,0.9679889996945676,4.019847972972972,188.87026532517524,64.06957509566327,150528,54.77669186475781,2202,False
./pages/models/Bone Fracture/Baseline/fracture/100-rotated2-rotated2-rotated1.jpg,fracture,301.56101190476187,0.15028638209272452,0.48282906927584285,0.9533693675813957,6.306386743886744,210.7367883922159,61.80219626913265,150528,56.88733253087806,2142,False
./pages/models/Bone Fracture/Baseline/fracture/100-rotated2-rotated2-rotated2.jpg,fracture,297.0817446911197,0.14911213562490538,0.4857006128821013,0.9540840315396724,6.247043918918919,203.63666413993153,61.94808274872449,150528,56.899791663639704,2169,False
./pages/models/Bone Fracture/Baseline/fracture/100-rotated2-rotated2.jpg,fracture,222.80184202059198,0.1112892615462793,0.52144959084923,0.9644929368463208,4.449485199485199,277.13005505696475,67.47329400510205,150528,56.0508446873902,2862,True
./pages/models/Bone Fracture/Baseline/fracture/100-rotated2-rotated3-rotated2.jpg,fracture,271.16473616473615,0.1316483387157777,0.4947249742473128,0.9577772017303783,5.527952059202059,262.78407127407377,63.63089923469388,150528,56.66510844939488,2355,False
./pages/models/Bone Fracture/Baseline/fracture/100-rotated2-rotated3.jpg,fracture,230.76467985842982,0.11858919842669378,0.529265584979697,0.9613275339234574,4.44779601029601,323.17574169178,64.32358099489795,150528,54.62275583288083,2331,False
./pages/models/Bone Fracture/Baseline/fracture/100-rotated3-rotated1-rotated1.jpg,fracture,213.31813063063063,0.1284633560750626,0.5152638251167319,0.9667933829507368,4.493645431145431,204.43193184440705,63.19298070790816,150528,56.72175516435199,2379,False
./pages/models/Bone Fracture/Baseline/fracture/100-rotated3-rotated1-rotated3.jpg,fracture,288.12359234234236,0.14408073496446794,0.48711961274751936,0.9554412927714109,6.04524613899614,213.46687825904797,62.38081951530612,150528,56.87875234676675,2151,False
./pages/models/Bone Fracture/Baseline/fracture/100-rotated3-rotated2-rotated3.jpg,fracture,260.9075973294723,0.14755615861385088,0.49336594377941473,0.9598939321003382,5.434342824967825,188.1735546997019,61.53985969387755,150528,57.02811797393178,2157,False
./pages/models/Bone Fracture/Baseline/fracture/100.jpg,fracture,50.35378961987047,0.13513286500259433,0.6914680090639373,0.9926373847344079,1.496928730320646,76.46297309415287,72.93544166359956,4890600,58.47086620911427,585,False
./pages/models/Bone Fracture/Baseline/fracture/101-rotated1-rotated1-rotated1.jpg,fracture,153.8396677927928,0.13478833573071133,0.4722451969711206,0.9781306837011368,4.922076093951093,131.98167505069654,74.49864477040816,150528,59.40034097854518,0,False
./pages/models/Bone Fracture/Baseline/fracture/101-rotated1-rotated1-rotated3.jpg,fracture,161.99565637065638,0.15534605925830713,0.478244724969348,0.9774409856486996,5.214165057915057,137.93341847252518,73.41352439413265,150528,59.98847757903347,0,False
./pages/models/Bone Fracture/Baseline/fracture/101-rotated1-rotated2-rotated2.jpg,fracture,151.0426118082368,0.11404099223612117,0.47542142401907295,0.9776237314138901,4.742217664092664,131.53112538125998,76.36935985331633,150528,58.17666565809183,0,False
./pages/models/Bone Fracture/Baseline/fracture/101-rotated1-rotated3-rotated1.jpg,fracture,157.56179617117115,0.136291684602428,0.47268643091649776,0.9776546490637629,4.976411679536678,147.47633206114475,74.38165656887755,150528,59.46409120193981,0,False
./pages/models/Bone Fracture/Baseline/fracture/101-rotated1-rotated3-rotated3.jpg,fracture,180.8574042792793,0.11045362737051234,0.4718002785409714,0.9736904470646579,4.758908462033462,166.04935640218304,75.56760204081633,150528,58.752177943150045,0,False
./pages/models/Bone Fracture/Baseline/fracture/101-rotated1-rotated3.jpg,fracture,156.4978684041184,0.08436211338828269,0.48560437979155935,0.9754388791418335,4.429536679536679,202.0293768863289,79.20669244260205,150528,56.545759691668266,0,False
./pages/models/Bone Fracture/Baseline/fracture/101-rotated2-rotated1-rotated1.jpg,fracture,128.65548584298583,0.09022000612438304,0.490725817276182,0.9800205194526421,4.078547297297296,116.77811196385598,78.50845025510205,150528,56.85145607964982,0,False
./pages/models/Bone Fracture/Baseline/fracture/101-rotated2-rotated1-rotated2.jpg,fracture,140.3261341698842,0.08430158722251707,0.4653362955849014,0.9780000513035332,4.831241956241957,109.81016189046126,79.2270806760204,150528,56.565976300248295,0,False
./pages/models/Bone Fracture/Baseline/fracture/101-rotated2-rotated1-rotated3.jpg,fracture,135.2694658944659,0.10929234980870674,0.49236346208082465,0.979695653927649,4.242760617760618,117.21442836902878,76.85622608418367,150528,57.79546198448375,0,False
./pages/models/Bone Fracture/Baseline/fracture/101-rotated2-rotated2-rotated1.jpg,fracture,161.41039253539253,0.07741305386252016,0.4660752497985734,0.9743437036528466,4.661759974259975,215.32111574242086,79.51411033163265,150528,56.20024940089253,0,False
./pages/models/Bone Fracture/Baseline/fracture/101-rotated2-rotated2-rotated2.jpg,fracture,150.78428651866153,0.08287210426638868,0.4836947459269141,0.9762175317062819,4.364804536679537,195.71403262199138,79.52489237882654,150528,56.41800783197834,6,False
./pages/models/Bone Fracture/Baseline/fracture/101-rotated2-rotated3-rotated2.jpg,fracture,146.3613859395109,0.08760954260820195,0.48483498824670074,0.9772049444760884,4.2961510617760625,216.66190214804539,78.50639748086735,150528,56.78336942499901,0,False
./pages/models/Bone Fracture/Baseline/fracture/101-rotated2-rotated3.jpg,fracture,164.13026866151867,0.1169858006914621,0.47558259669654407,0.9759386924340463,4.802968146718146,207.46551324883288,75.93038504464286,150528,58.48260799892738,0,False
./pages/models/Bone Fracture/Baseline/fracture/101-rotated2.jpg,fracture,202.41700852638348,0.08413529756180145,0.45584053658925267,0.9683731234896302,5.5858872265122255,314.98516970224955,79.5990911989796,150528,56.66103319326848,6,False
./pages/models/Bone Fracture/Baseline/fracture/101-rotated3-rotated1-rotated2.jpg,fracture,180.4396315958816,0.11567447067184507,0.4520933685411115,0.9737765496734979,5.686293436293436,186.33379683202628,76.49695073341837,150528,58.71424116873905,3,False
./pages/models/Bone Fracture/Baseline/fracture/101-rotated3-rotated1-rotated3.jpg,fracture,184.02181869369372,0.1539675787304946,0.4596468320436943,0.9742766969524724,5.974521396396397,130.0666161346118,73.18054448341837,150528,59.831998241265715,0,False
./pages/models/Bone Fracture/Baseline/fracture/101-rotated3-rotated2-rotated1.jpg,fracture,173.7271758365508,0.10662056661653527,0.45439881438284385,0.9746686449295465,5.387849903474902,166.06796124476986,76.21179448341837,150528,58.69544631509911,0,False
./pages/models/Bone Fracture/Baseline/fracture/101-rotated3-rotated2.jpg,fracture,166.59688706563705,0.1330314330215672,0.4752835663358149,0.9761578082332462,5.111124517374517,217.3634125162591,75.02461336096938,150528,59.202124234870006,0,False
./pages/models/Bone Fracture/Baseline/fracture/101-rotated3-rotated3-rotated1.jpg,fracture,174.41676721364226,0.09610101191978501,0.4542060328397147,0.9741944564988231,5.159608268983269,153.29401739931563,76.83637595663265,150528,58.27805834099495,0,False
./pages/models/Bone Fracture/Baseline/fracture/101-rotated3-rotated3-rotated3.jpg,fracture,184.923162001287,0.15604655820753643,0.4590301975913953,0.9742019535223084,6.141268500643502,136.90628762108147,72.52748325892857,150528,59.88420082444294,0,False
./pages/models/Bone Fracture/Baseline/fracture/101-rotated3-rotated3.jpg,fracture,194.02439269626768,0.12597690385924298,0.4800036223638304,0.972352344568984,4.941743082368084,213.16995823894726,74.78278459821429,150528,59.34467935023524,0,False
./pages/models/Bone Fracture/Baseline/fracture/101-rotated3.jpg,fracture,178.45768983268985,0.06938308869917133,0.4573828829371824,0.9699942859909757,5.111003861003861,314.63097003418824,82.18453045280613,150528,54.63128933938097,24,False
./pages/models/Bone Fracture/Baseline/fracture/101.jpg,fracture,26.452278283614802,0.07024215414000157,0.5011869530316371,0.9953378275304421,2.1951251747605895,78.72266542607511,84.54957274204567,11313072,53.264586724278644,4665,True
./pages/models/Bone Fracture/Baseline/fracture/102-rotated1-rotated1-rotated3.jpg,fracture,119.14872908622907,0.16452152981171234,0.5405557677263915,0.9675642499094251,4.829351673101673,90.52586768141195,52.05243542729592,150528,42.885824443344944,135,False
./pages/models/Bone Fracture/Baseline/fracture/102-rotated1-rotated1.jpg,fracture,94.10987773487773,0.1469042122151491,0.5685403236227914,0.9736353560467699,3.9112773487773485,134.4669507939038,53.8405612244898,150528,42.28240564778214,258,False
./pages/models/Bone Fracture/Baseline/fracture/102-rotated1-rotated2-rotated2.jpg,fracture,106.98928169240668,0.13016829395247145,0.5348356371821024,0.9692130595210947,4.3818975225225225,106.16038391799644,54.45615433673469,150528,41.7664579837313,198,False
./pages/models/Bone Fracture/Baseline/fracture/102-rotated1-rotated2.jpg,fracture,129.65226833976837,0.13978597146868804,0.5449183527366603,0.9634777769076605,4.749316280566281,151.07478291051976,54.16464046556123,150528,42.16682385079274,258,False
./pages/models/Bone Fracture/Baseline/fracture/102-rotated1-rotated3-rotated3.jpg,fracture,88.9856418918919,0.20267916805749242,0.6534851833741563,0.9757829000155589,3.1626850064350065,91.27357512104268,50.09950972576531,150528,42.93302483974002,189,False
./pages/models/Bone Fracture/Baseline/fracture/102-rotated1-rotated3.jpg,fracture,86.84996380308878,0.19704989457314936,0.6541858011129152,0.9761714102489708,3.042812902187902,125.47261581675107,50.85923549107143,150528,42.79545289897972,261,False
./pages/models/Bone Fracture/Baseline/fracture/102-rotated1.jpg,fracture,175.2104046010296,0.13245714874859846,0.5323442990485744,0.9498779523389775,5.420547779922781,281.47739316621755,55.137376434948976,150528,41.85641675311294,375,False
./pages/models/Bone Fracture/Baseline/fracture/102-rotated2-rotated1-rotated2.jpg,fracture,95.42487129987133,0.1458549856512591,0.5623453032535756,0.9732498477149257,3.9156611969111976,93.10034466584193,53.41647401147959,150528,42.28962411193955,177,False
./pages/models/Bone Fracture/Baseline/fracture/102-rotated2-rotated2-rotated1.jpg,fracture,104.44401544401545,0.15688886435679103,0.5735417277293055,0.971105197812368,3.8480936293436296,108.08475881057798,52.436882174744895,150528,42.561845875938886,168,False
./pages/models/Bone Fracture/Baseline/fracture/102-rotated2-rotated2-rotated3.jpg,fracture,112.1555863899614,0.15776387271492884,0.5582216187459333,0.9690388111178682,4.242579633204634,119.3880324862193,52.44033003826531,150528,42.5850934192204,150,False
./pages/models/Bone Fracture/Baseline/fracture/102-rotated2-rotated2.jpg,fracture,140.1630268661519,0.13139154144850615,0.5166666227694862,0.9602163244374589,5.177143661518662,159.4806957439501,54.20454001913265,150528,42.048257030224306,270,False
./pages/models/Bone Fracture/Baseline/fracture/102-rotated2-rotated3-rotated1.jpg,fracture,111.98091618404118,0.16151415987569956,0.5538156966585476,0.9694707427423508,4.510879182754183,99.39486100126534,52.46400669642857,150528,42.85333014013549,183,False
./pages/models/Bone Fracture/Baseline/fracture/102-rotated2-rotated3.jpg,fracture,146.53388433075932,0.1770824701298496,0.5500038027111878,0.9600159637928668,5.173564189189189,134.01711186087664,51.44581074617347,150528,42.82151436163543,267,False
./pages/models/Bone Fracture/Baseline/fracture/102-rotated2.jpg,fracture,121.61713722651223,0.1457663964168088,0.5679506893413109,0.9659787152868187,4.308739543114544,247.34303764421114,54.16653380102041,150528,42.31205499239363,354,False
./pages/models/Bone Fracture/Baseline/fracture/102-rotated3-rotated1-rotated2.jpg,fracture,154.9453024453025,0.15259864389620834,0.5305864162203885,0.9570574175437063,5.36506595881596,153.21025922267648,53.00986527423469,150528,42.52197063894707,261,False
./pages/models/Bone Fracture/Baseline/fracture/102-rotated3-rotated1-rotated3.jpg,fracture,113.01049710424712,0.14324124344095637,0.5447297524983533,0.968460372621697,4.465291184041185,147.32096755986208,53.70790816326531,150528,42.34129541939626,267,False
./pages/models/Bone Fracture/Baseline/fracture/102-rotated3-rotated1.jpg,fracture,86.05924227799227,0.18502578874046877,0.6295350127092101,0.9762919277813782,3.2006113256113253,134.44866923022795,51.363360969387756,150528,42.69971719192308,279,False
./pages/models/Bone Fracture/Baseline/fracture/102-rotated3-rotated2-rotated2.jpg,fracture,123.47691441441442,0.13276634838688509,0.5171828261033485,0.9648243912710438,4.9529842342342345,119.95234645063405,54.007732780612244,150528,41.96086730940109,192,False
./pages/models/Bone Fracture/Baseline/fracture/102-rotated3-rotated2-rotated3.jpg,fracture,132.19902268339771,0.15664465960531226,0.5293050440835251,0.9633089856698128,5.100607303732304,92.93436373695141,52.66067442602041,150528,42.48861047556909,207,False
./pages/models/Bone Fracture/Baseline/fracture/102-rotated3-rotated2.jpg,fracture,115.03764478764478,0.16803920139318657,0.5968615656963523,0.9683943417635159,3.760899292149292,158.57899290122174,51.85186144770408,150528,42.69359882958591,237,False
./pages/models/Bone Fracture/Baseline/fracture/102-rotated3-rotated3-rotated3.jpg,fracture,123.27873632561132,0.17281581263752632,0.5428028956006453,0.9661342426698666,4.918697715572716,82.7468660947235,51.668526785714285,150528,42.68299554398333,168,False
./pages/models/Bone Fracture/Baseline/fracture/102-rotated3-rotated3.jpg,fracture,80.07400257400256,0.17786739228263657,0.6162730577792308,0.9779220141915673,3.2391409266409257,136.18962577897676,51.707011320153065,150528,42.66587008714249,270,False
./pages/models/Bone Fracture/Baseline/fracture/102-rotated3.jpg,fracture,120.1342101029601,0.1488022659072599,0.5703738076058738,0.966505527666788,4.271034427284427,240.2218058851052,54.024693080357146,150528,42.38117448818468,357,False
./pages/models/Bone Fracture/Baseline/fracture/102.jpg,fracture,16.03811880355435,0.18716155183489921,0.774208772662499,0.9952833405841494,1.0001904288192693,37.437715349503726,56.81835476063949,14993952,41.23375646350919,62256,True
./pages/models/Bone Fracture/Baseline/fracture/103-rotated1-rotated1-rotated1.jpg,fracture,123.52881676319174,0.20563197786680043,0.5743303218543865,0.9793556098046111,4.09706805019305,142.10282803892542,59.61463647959184,150528,54.669929869016286,15,False
./pages/models/Bone Fracture/Baseline/fracture/103-rotated1-rotated1-rotated2.jpg,fracture,90.17191521879025,0.20767578747302917,0.5774587918782517,0.9854753257764319,3.939490830115831,87.82877904938836,57.3098294005102,150528,55.722119017804914,0,False
./pages/models/Bone Fracture/Baseline/fracture/103-rotated1-rotated1-rotated3.jpg,fracture,112.65588803088802,0.21605327376818925,0.5585058950525409,0.982451526586036,4.580196267696268,90.23545099406975,56.2507174744898,150528,56.644393650868196,0,False
./pages/models/Bone Fracture/Baseline/fracture/103-rotated1-rotated2-rotated2.jpg,fracture,76.80616554054055,0.20542043181704592,0.586438387223231,0.987525121566038,3.6486687580437587,99.46341909919364,58.549824617346935,150528,55.516791935697135,3,False
./pages/models/Bone Fracture/Baseline/fracture/103-rotated1-rotated2-rotated3.jpg,fracture,158.484013030888,0.213221681101562,0.5429387292659187,0.9755909595474398,5.360420688545689,89.01701563907037,56.74764827806123,150528,56.914434762169165,3,False
./pages/models/Bone Fracture/Baseline/fracture/103-rotated1-rotated2.jpg,fracture,116.09117599742598,0.20903749490032533,0.5846830794725865,0.9802627310028315,4.133244851994852,220.0000267028808,60.178093112244895,150528,54.27861659132315,66,False
./pages/models/Bone Fracture/Baseline/fracture/103-rotated1-rotated3-rotated2.jpg,fracture,92.33140283140284,0.21166649082707287,0.5703960821552426,0.9852348095444939,4.034346846846847,80.66934817972307,57.009107940051024,150528,55.92007995299868,3,False
./pages/models/Bone Fracture/Baseline/fracture/103-rotated1-rotated3-rotated3.jpg,fracture,133.42684202059203,0.2041958786982641,0.5717849640100255,0.9785880336876,4.441361003861004,99.53016351193797,58.20599489795919,150528,55.7603144552004,3,False
./pages/models/Bone Fracture/Baseline/fracture/103-rotated1-rotated3.jpg,fracture,98.00311695624195,0.20559133683982142,0.577003268979584,0.9837722342997395,4.061836389961389,137.09995367605453,58.531230070153065,150528,54.97063822708839,21,False
./pages/models/Bone Fracture/Baseline/fracture/103-rotated1.jpg,fracture,141.71086711711712,0.2155049365372465,0.585896024528887,0.9761606165570635,4.375160875160875,371.49724773484826,60.17494419642857,150528,54.56899009440751,99,False
./pages/models/Bone Fracture/Baseline/fracture/103-rotated2-rotated1-rotated1.jpg,fracture,114.13396879021877,0.20673203214077382,0.5938330621094388,0.9814653011653186,3.9242277992277987,105.10359369204075,57.80488679846939,150528,55.45211464434801,3,False
./pages/models/Bone Fracture/Baseline/fracture/103-rotated2-rotated1-rotated2.jpg,fracture,115.4604247104247,0.20534121245549122,0.5907830178034984,0.981298896447135,3.958252895752895,99.9603026488184,57.687081473214285,150528,55.52060397227186,0,False
./pages/models/Bone Fracture/Baseline/fracture/103-rotated2-rotated1-rotated3.jpg,fracture,131.4645873552123,0.21272536584114674,0.5800956337733812,0.9792782137473962,4.424046814671813,99.78436835335472,56.76983019770408,150528,56.26052034006453,0,False
./pages/models/Bone Fracture/Baseline/fracture/103-rotated2-rotated1.jpg,fracture,115.44976673101675,0.1952690907159923,0.5613857089691666,0.981180567288461,4.272401866151867,144.4602860034083,57.757254464285715,150528,55.409496657357636,6,False
./pages/models/Bone Fracture/Baseline/fracture/103-rotated2-rotated2-rotated1.jpg,fracture,102.96889076576578,0.19489722343493854,0.5545092062770233,0.9834858332636517,4.209198037323038,106.42586340977718,56.97171954719388,150528,55.8586693833051,3,False
./pages/models/Bone Fracture/Baseline/fracture/103-rotated2-rotated2-rotated2.jpg,fracture,102.96889076576578,0.19489722343493854,0.5545092062770233,0.9834858332636517,4.209198037323038,106.42586340977718,56.97171954719388,150528,55.8586693833051,3,False
./pages/models/Bone Fracture/Baseline/fracture/103-rotated2-rotated2-rotated3.jpg,fracture,105.91238336550836,0.21043818544036413,0.5963642718709767,0.9832797820139457,3.808819980694981,103.77429915447622,56.46522241709184,150528,56.24342388450288,9,False
./pages/models/Bone Fracture/Baseline/fracture/103-rotated2-rotated2.jpg,fracture,112.29948922136423,0.19819171038410854,0.5718184758126799,0.9816698941488684,4.126186454311454,140.75212287823396,57.76578443877551,150528,55.37691314205143,6,False
./pages/models/Bone Fracture/Baseline/fracture/103-rotated2-rotated3-rotated3.jpg,fracture,105.13746782496783,0.19924425105889706,0.5789438893889708,0.9832290215686373,3.915017696267697,102.33782080023151,57.07503587372449,150528,56.00608120743066,0,False
./pages/models/Bone Fracture/Baseline/fracture/103-rotated2.jpg,fracture,134.5743243243243,0.2161125022730875,0.5873060733813784,0.9775257125806007,4.361164736164735,348.5477957095965,59.679328762755105,150528,54.7669769422115,72,False
./pages/models/Bone Fracture/Baseline/fracture/103-rotated3-rotated1-rotated1.jpg,fracture,109.00669642857143,0.21103112488611683,0.5803826818052392,0.9815924746173981,4.001427767052767,127.75149396954356,59.86963887117347,150528,54.444655842623845,3,False
./pages/models/Bone Fracture/Baseline/fracture/103-rotated3-rotated1-rotated2.jpg,fracture,110.02787162162161,0.20706994986353164,0.5800110747643061,0.9814306004298591,3.9946509009009006,113.98597125458944,59.882493622448976,150528,54.43607348613573,3,False
./pages/models/Bone Fracture/Baseline/fracture/103-rotated3-rotated2-rotated1.jpg,fracture,98.61486486486488,0.2126797872144126,0.5871500679528568,0.9832099428378218,3.8887548262548273,155.331327197652,60.01566485969388,150528,54.24042799578321,9,False
./pages/models/Bone Fracture/Baseline/fracture/103-rotated3-rotated2-rotated2.jpg,fracture,90.40924629987128,0.20554347489624125,0.576587911269627,0.9852611767826355,3.9312057593307586,84.99867707855846,57.770527742346935,150528,55.389983392419964,6,False
./pages/models/Bone Fracture/Baseline/fracture/103-rotated3-rotated2-rotated3.jpg,fracture,119.97629102316603,0.21258582197627618,0.5927046691443659,0.9798670378669282,3.944598616473616,130.9731966210921,59.588209502551024,150528,54.56335719762391,6,False
./pages/models/Bone Fracture/Baseline/fracture/103-rotated3-rotated2.jpg,fracture,141.66636502574005,0.19813373706353432,0.5629549538753845,0.9771706715216093,4.535050675675676,162.21602598481851,58.49364237882653,150528,55.70119716121816,15,False
./pages/models/Bone Fracture/Baseline/fracture/103-rotated3-rotated3-rotated2.jpg,fracture,114.0577742921493,0.21444599261309277,0.5644733539902399,0.9820529130562294,4.516590250965252,92.99604454779319,56.43427136479592,150528,56.35496393433219,0,False
./pages/models/Bone Fracture/Baseline/fracture/103-rotated3-rotated3.jpg,fracture,101.8717422779923,0.21511466187479716,0.5725561237579447,0.98404713410045,4.23805501930502,106.29983736544239,56.41647401147959,150528,56.5109211959679,3,False
./pages/models/Bone Fracture/Baseline/fracture/103-rotated3.jpg,fracture,116.65442004504504,0.2071893306592339,0.5741004974592447,0.9808089760867642,4.367177445302445,210.70863624733224,58.55648118622449,150528,55.15323800317889,12,False
./pages/models/Bone Fracture/Baseline/fracture/103.jpg,fracture,52.7089124059671,0.24531073386989932,0.7237672981257363,0.9912174917910797,1.5689347896921524,149.0350389704646,61.28061568061568,4241160,54.77287976288311,8577,True
./pages/models/Bone Fracture/Baseline/fracture/104-rotated1-rotated1-rotated1.jpg,fracture,105.09501689189189,0.2704148397012946,0.6382490115829228,0.9870561402939425,3.372446106821107,59.643567654849186,49.96558115433673,150528,63.587832635782426,0,False
./pages/models/Bone Fracture/Baseline/fracture/104-rotated1-rotated1-rotated2.jpg,fracture,116.0419481981982,0.276899073420059,0.6375218910469357,0.985722446671074,3.7481499356499355,62.230908130914266,49.95816725127551,150528,63.617640518409296,3,False
./pages/models/Bone Fracture/Baseline/fracture/104-rotated1-rotated1-rotated3.jpg,fracture,142.8685448841699,0.280674652835919,0.6316956693888913,0.9827591471661217,4.637890122265122,57.792796543666306,48.624441964285715,150528,64.21209589644586,0,False
./pages/models/Bone Fracture/Baseline/fracture/104-rotated1-rotated1.jpg,fracture,95.50064350064349,0.29720605786375376,0.6871827993464744,0.9879107103495764,2.7204794079794086,209.30844404736146,50.427614795918366,150528,62.79529873760849,3,False
./pages/models/Bone Fracture/Baseline/fracture/104-rotated1-rotated2-rotated1.jpg,fracture,139.18806306306303,0.27980591083926215,0.6347175746550109,0.9831651258040192,4.486084298584299,61.54307068988015,48.89449139030612,150528,64.14278652417856,0,False
./pages/models/Bone Fracture/Baseline/fracture/104-rotated1-rotated2-rotated2.jpg,fracture,143.15910553410552,0.2803256541257577,0.6285808669780684,0.9827173101443658,4.649493243243242,57.88370019760989,48.57250478316327,150528,64.20259417844923,0,False
./pages/models/Bone Fracture/Baseline/fracture/104-rotated1-rotated2-rotated3.jpg,fracture,32.492358429858434,0.2846730534188589,0.6907446106644329,0.9960316348529258,2.1483671171171173,42.644572882789326,49.27020886479592,150528,63.96306813610235,0,False
./pages/models/Bone Fracture/Baseline/fracture/104-rotated1-rotated3-rotated1.jpg,fracture,146.3885135135135,0.28136045058131537,0.6407675709307745,0.9822461856529536,4.356499356499356,91.9037786973908,49.36714764030612,150528,64.05246318932959,0,False
./pages/models/Bone Fracture/Baseline/fracture/104-rotated1-rotated3-rotated2.jpg,fracture,146.3885135135135,0.28136045058131537,0.6407675709307745,0.9822461856529536,4.356499356499356,91.9037786973908,49.36714764030612,150528,64.05246318932959,0,False
./pages/models/Bone Fracture/Baseline/fracture/104-rotated2-rotated1-rotated3.jpg,fracture,89.4520390926641,0.2938980885292175,0.6881370788638955,0.9890163000015616,2.7894345238095237,111.26119952815516,49.077706473214285,150528,63.69303990796837,0,False
./pages/models/Bone Fracture/Baseline/fracture/104-rotated2-rotated1.jpg,fracture,71.01763593951095,0.31294065024901824,0.7195761951980534,0.9910158650212167,2.322534588159588,202.73230178114872,50.41206951530612,150528,62.8441491190526,0,False
./pages/models/Bone Fracture/Baseline/fracture/104-rotated2-rotated2-rotated1.jpg,fracture,64.27401061776058,0.32804830802418483,0.7046296439291948,0.9917411239123491,2.3658301158301143,159.47922107389894,51.85419323979592,150528,62.375023209319686,0,False
./pages/models/Bone Fracture/Baseline/fracture/104-rotated2-rotated2-rotated2.jpg,fracture,122.98465653153148,0.3017265721264347,0.6689824306956379,0.9846222982637177,3.2749959781209776,114.32533479600784,50.31329719387755,150528,63.08477782636213,0,False
./pages/models/Bone Fracture/Baseline/fracture/104-rotated2-rotated3-rotated1.jpg,fracture,109.60082850707849,0.2940326884768777,0.6888057997442631,0.9864756318107709,2.921774453024453,123.91378072240559,48.939473054846935,150528,63.509671858359596,0,False
./pages/models/Bone Fracture/Baseline/fracture/104-rotated2-rotated3-rotated3.jpg,fracture,109.1785915379665,0.2928124412637967,0.6793780871750773,0.9865550091169005,3.008063867438867,115.25583921636657,48.820292570153065,150528,63.57095934600999,3,False
./pages/models/Bone Fracture/Baseline/fracture/104-rotated2-rotated3.jpg,fracture,126.1720962033462,0.31509912740664114,0.6936981446723529,0.9839647373973809,2.920849420849421,238.49691226511192,51.11732700892857,150528,62.58381438408414,0,False
./pages/models/Bone Fracture/Baseline/fracture/104-rotated2.jpg,fracture,87.22243001930502,0.32815406194660574,0.7063357867881338,0.988853323336889,2.5525860682110686,351.8050719022453,51.86294244260204,150528,62.54512568246545,18,False
./pages/models/Bone Fracture/Baseline/fracture/104-rotated3-rotated1-rotated1.jpg,fracture,117.29407979407979,0.2751049329148734,0.6393781906168097,0.9857330816362169,3.788569819819819,61.40550627503879,49.311403858418366,150528,63.97891531313961,0,False
./pages/models/Bone Fracture/Baseline/fracture/104-rotated3-rotated1-rotated2.jpg,fracture,120.90651142213638,0.27618776867696865,0.6333539121365555,0.9852895643043486,3.938847329472328,61.51461649914177,49.34281329719388,150528,63.96888603586545,0,False
./pages/models/Bone Fracture/Baseline/fracture/104-rotated3-rotated2-rotated1.jpg,fracture,145.51150257400258,0.28209407673562314,0.6368135689119815,0.9823160901314923,4.364623552123552,89.24649322236495,49.42743542729592,150528,63.9877512818053,0,False
./pages/models/Bone Fracture/Baseline/fracture/104-rotated3-rotated2-rotated3.jpg,fracture,109.74068935006434,0.27689503826190337,0.6429482392103796,0.9866500584776243,3.564772361647361,58.49927892688908,49.3440090880102,150528,63.97590013102725,0,False
./pages/models/Bone Fracture/Baseline/fracture/104-rotated3-rotated3-rotated1.jpg,fracture,108.22323439510939,0.27493859455190345,0.6416883337364258,0.9867751709157339,3.490970881595881,57.13017285659582,49.572185905612244,150528,63.834656822481705,0,False
./pages/models/Bone Fracture/Baseline/fracture/104-rotated3-rotated3-rotated2.jpg,fracture,130.11747908622905,0.28070079476017035,0.6340252878551936,0.9841552843426581,4.188545688545687,58.26484773596939,49.428930165816325,150528,63.926382981572885,0,False
./pages/models/Bone Fracture/Baseline/fracture/104-rotated3-rotated3-rotated3.jpg,fracture,143.4068733912484,0.27914249559733595,0.6295411641735827,0.9826835479041597,4.664032335907337,56.47421046308257,48.56732302295919,150528,64.19528091420698,0,False
./pages/models/Bone Fracture/Baseline/fracture/104-rotated3.jpg,fracture,132.03018420205922,0.2962638830498848,0.682571509425933,0.9839535687925463,3.313606016731017,294.20560444160986,49.15790417729592,150528,64.00326092648405,6,False
./pages/models/Bone Fracture/Baseline/fracture/105-rotated1-rotated1-rotated3.jpg,fracture,54.92412725225225,0.15856131482855707,0.5364191095773299,0.9888563703881157,3.8086591055341055,62.65906071176333,59.058673469387756,150528,49.732689321445086,0,False
./pages/models/Bone Fracture/Baseline/fracture/105-rotated1-rotated2-rotated1.jpg,fracture,50.825530888030876,0.14538149466709946,0.529229812440034,0.9897871378774167,3.4584137709137703,64.73097096776426,61.79832987882653,150528,49.96170893090182,0,False
./pages/models/Bone Fracture/Baseline/fracture/105-rotated1-rotated2-rotated3.jpg,fracture,56.980674871299875,0.16043206038443728,0.5315569294160702,0.988413843767224,3.8890162483912487,65.81682160833087,58.77006935586735,150528,49.68030413538496,0,False
./pages/models/Bone Fracture/Baseline/fracture/105-rotated1-rotated3-rotated1.jpg,fracture,56.785151222651216,0.16191540053721798,0.5328279568624333,0.9884417031536638,3.9159427284427286,62.060221056002774,58.52724410076531,150528,49.653130913817385,0,False
./pages/models/Bone Fracture/Baseline/fracture/105-rotated1-rotated3-rotated2.jpg,fracture,81.77388996138995,0.17646251790205145,0.5351479383122959,0.9833608163636197,4.5295608108108105,88.38910640254214,56.40872130102041,150528,49.67119525023399,0,False
./pages/models/Bone Fracture/Baseline/fracture/105-rotated1-rotated3-rotated3.jpg,fracture,74.50828507078508,0.1710673567127455,0.5317071151181043,0.9848008327104634,4.378820785070785,80.0111714350785,56.803691007653065,150528,49.609282622127026,0,False
./pages/models/Bone Fracture/Baseline/fracture/105-rotated1.jpg,fracture,84.65848214285715,0.13502722025354408,0.5237442697119404,0.9831939420993829,3.9386462355212366,245.0074532146208,65.36049107142857,150528,50.26244052218409,9,False
./pages/models/Bone Fracture/Baseline/fracture/105-rotated2-rotated1-rotated3.jpg,fracture,61.16413288288288,0.1282987027778517,0.5369065162973994,0.9876904521550285,3.0542149292149294,84.50541601057897,66.5084303252551,150528,49.92597885705626,0,False
./pages/models/Bone Fracture/Baseline/fracture/105-rotated2-rotated1.jpg,fracture,110.594856016731,0.12417809561509212,0.5062125614050217,0.9772996586505031,3.9880349099099095,347.92603016972083,69.08318718112245,150528,49.433542046419674,21,False
./pages/models/Bone Fracture/Baseline/fracture/105-rotated2-rotated2-rotated2.jpg,fracture,96.60754504504503,0.12417239251307312,0.5223012111439963,0.9796474248078645,3.370374839124839,175.64131044398144,69.50314891581633,150528,48.79375520008329,0,False
./pages/models/Bone Fracture/Baseline/fracture/105-rotated2-rotated2.jpg,fracture,81.70996219433718,0.1287175755599126,0.5251644385391315,0.9834307646150339,3.5349702380952386,147.39992300722312,67.82346141581633,150528,49.74442698642106,0,False
./pages/models/Bone Fracture/Baseline/fracture/105-rotated2-rotated3-rotated1.jpg,fracture,104.56304295366797,0.12852923541710135,0.5290683615533797,0.9793215673593645,3.5040017696267705,134.6249997712135,64.48270089285714,150528,50.37828341873047,0,False
./pages/models/Bone Fracture/Baseline/fracture/105-rotated2-rotated3-rotated3.jpg,fracture,86.23767294079795,0.18081350395784734,0.5271109861194585,0.9824853062697185,4.869228603603604,66.29239184853438,56.36443718112245,150528,49.69371870613617,0,False
./pages/models/Bone Fracture/Baseline/fracture/105-rotated2.jpg,fracture,78.44347249034746,0.1347906570914008,0.5364073336586151,0.9833675161462764,3.42485119047619,312.1554643582523,70.85184151785714,150528,48.5685444648758,3,False
./pages/models/Bone Fracture/Baseline/fracture/105-rotated3-rotated1-rotated1.jpg,fracture,100.72297297297297,0.1375014561411879,0.5426847043799273,0.9801233653004506,3.47140444015444,143.9848272596881,62.348652742346935,150528,50.41192298664754,0,False
./pages/models/Bone Fracture/Baseline/fracture/105-rotated3-rotated1-rotated2.jpg,fracture,98.80499919562419,0.13873986653567527,0.5493953681491346,0.9805103447162191,3.317869208494208,140.81510470897544,62.37452168367347,150528,50.40736239957849,0,False
./pages/models/Bone Fracture/Baseline/fracture/105-rotated3-rotated1.jpg,fracture,77.8212676962677,0.13448129299997083,0.5387957760810238,0.9847021213339606,3.2653635778635777,151.7907668180835,65.39714205994898,150528,50.510289688741615,0,False
./pages/models/Bone Fracture/Baseline/fracture/105-rotated3-rotated2-rotated2.jpg,fracture,58.695101351351354,0.16218437847958936,0.5591508736335866,0.9887449806504578,3.1532738095238098,78.55706646659878,60.85235969387755,150528,51.135300555125006,0,False
./pages/models/Bone Fracture/Baseline/fracture/105-rotated3-rotated2.jpg,fracture,78.40948761261261,0.14044805151783601,0.5425445478818139,0.9847066903087321,3.325390122265122,153.58491108746193,64.62946428571429,150528,50.70806343084784,0,False
./pages/models/Bone Fracture/Baseline/fracture/105-rotated3-rotated3.jpg,fracture,89.05825691763192,0.17290224849362065,0.5215225455516487,0.981996506816683,4.93816361003861,97.06105105651513,57.119120695153065,150528,49.80048983473073,0,False
./pages/models/Bone Fracture/Baseline/fracture/105-rotated3.jpg,fracture,95.53173262548263,0.13396487287429068,0.5277606446140277,0.980561800192516,3.8015604890604897,316.0878649754903,68.37352519132654,150528,49.65189597480824,15,False
./pages/models/Bone Fracture/Baseline/fracture/106-rotated1-rotated1-rotated1.jpg,fracture,66.95664414414415,0.17940676893173216,0.6243062855486469,0.9821627728608803,2.575772200772201,151.6382834701824,57.497967155612244,150528,43.40056602982708,198,False
./pages/models/Bone Fracture/Baseline/fracture/106-rotated1-rotated1-rotated3.jpg,fracture,57.03030485842986,0.1841648931367629,0.5896615412263759,0.9849545506822698,3.201757561132561,76.92288034789416,52.83946508290816,150528,43.61051559585793,129,False
./pages/models/Bone Fracture/Baseline/fracture/106-rotated1-rotated1.jpg,fracture,63.99913529601028,0.17815899729350393,0.6124165312624936,0.9827734684172157,2.694236647361647,140.81188296556772,58.34219547193877,150528,43.17865785795799,219,False
./pages/models/Bone Fracture/Baseline/fracture/106-rotated1-rotated2-rotated2.jpg,fracture,81.4126447876448,0.1836212233918394,0.6278603148368505,0.9783347727255176,2.7324243886743886,119.13130499392139,54.04021843112245,150528,43.405039634872345,138,False
./pages/models/Bone Fracture/Baseline/fracture/106-rotated1-rotated2-rotated3.jpg,fracture,80.89036357786358,0.184226802414349,0.6336376612502699,0.9784703230406461,2.6842020592020592,120.7125944338556,54.050223214285715,150528,43.39515018134399,138,False
./pages/models/Bone Fracture/Baseline/fracture/106-rotated1-rotated2.jpg,fracture,59.60923423423423,0.18209606357474112,0.5892186309112193,0.9844946556799588,3.298423423423423,104.30099239412918,53.857979910714285,150528,43.91188752137224,210,False
./pages/models/Bone Fracture/Baseline/fracture/106-rotated1-rotated3.jpg,fracture,66.18462435649934,0.17541834891050093,0.5982545968205243,0.9824937984926801,2.9003981660231655,142.3029869553051,57.298947704081634,150528,43.554425698613464,210,False
./pages/models/Bone Fracture/Baseline/fracture/106-rotated1.jpg,fracture,80.19936454311453,0.17778017059236,0.607789611693181,0.9783445781919115,2.9684282496782495,259.7040392813311,59.086933992346935,150528,43.108040881655064,354,False
./pages/models/Bone Fracture/Baseline/fracture/106-rotated2-rotated1-rotated2.jpg,fracture,54.08986888674387,0.1967498007222749,0.5901482970351695,0.9853713218298199,3.513533622908622,54.477692717663786,49.96073820153061,150528,43.08281975156541,150,False
./pages/models/Bone Fracture/Baseline/fracture/106-rotated2-rotated1.jpg,fracture,61.047679375804364,0.19083182523547518,0.597209763896597,0.9839176149559941,3.33041747104247,100.98254594997485,53.70547672193877,150528,43.637812960843,210,False
./pages/models/Bone Fracture/Baseline/fracture/106-rotated2-rotated3-rotated1.jpg,fracture,54.94242680180181,0.1735253942939757,0.5954810329808304,0.9855900034956779,2.79655324967825,74.53624757276583,56.258709343112244,150528,43.744571614309,87,False
./pages/models/Bone Fracture/Baseline/fracture/106-rotated2-rotated3-rotated2.jpg,fracture,54.90675273487774,0.17217397750332458,0.5982921182508322,0.985459243427933,2.6993042149292155,78.02074536558293,56.954181281887756,150528,43.53131791028203,81,False
./pages/models/Bone Fracture/Baseline/fracture/106-rotated2-rotated3.jpg,fracture,93.37761422136424,0.17939808677164007,0.612102516085361,0.9744546588463794,2.884531853281854,200.08111194609003,59.121711575255105,150528,42.79989473195797,192,False
./pages/models/Bone Fracture/Baseline/fracture/106-rotated2.jpg,fracture,62.285834942084946,0.19080189884029375,0.6325275251895557,0.982710906210496,2.832006113256113,557.4307476295527,61.63500478316327,150528,42.457877788136074,705,False
./pages/models/Bone Fracture/Baseline/fracture/106-rotated3-rotated1-rotated3.jpg,fracture,77.58073922136424,0.1994715298987832,0.5877299337031214,0.9788100556203329,4.0746259652509655,87.99421536192604,48.919563137755105,150528,42.873960464436806,294,False
./pages/models/Bone Fracture/Baseline/fracture/106-rotated3-rotated1.jpg,fracture,92.83198600386102,0.18211057330318936,0.59016630673941,0.9752807015881212,3.5973093629343635,155.32978628079925,52.49820631377551,150528,43.37297224025128,246,False
./pages/models/Bone Fracture/Baseline/fracture/106-rotated3-rotated2-rotated1.jpg,fracture,69.49245897683396,0.18850054531345684,0.6148830116652103,0.9812583040478035,2.9159226190476186,86.51326199086294,51.2365872130102,150528,43.09763589306259,156,False
./pages/models/Bone Fracture/Baseline/fracture/106-rotated3-rotated2-rotated2.jpg,fracture,54.76164333976834,0.19551756744238846,0.5848395235788953,0.9851260194206598,3.5448640604890604,55.408946387224624,50.02545041454081,150528,42.989305264265504,150,False
./pages/models/Bone Fracture/Baseline/fracture/106-rotated3-rotated2-rotated3.jpg,fracture,67.78312017374517,0.1861312619255339,0.586440394664397,0.981701781879678,3.40293194980695,108.01259494791027,51.303093112244895,150528,43.07113857695557,132,False
./pages/models/Bone Fracture/Baseline/fracture/106-rotated3-rotated2.jpg,fracture,70.56432995495496,0.19982535322516076,0.5932892541595725,0.9807843732550676,3.9215130308880313,88.155354332199,49.61977838010204,150528,42.943099285291396,270,False
./pages/models/Bone Fracture/Baseline/fracture/106-rotated3-rotated3.jpg,fracture,105.33365508365509,0.2078677401179132,0.5880763063809907,0.9716017081310652,4.64531048906049,102.33451798139934,48.25428491709184,150528,43.13786376899201,303,False
./pages/models/Bone Fracture/Baseline/fracture/106.jpg,fracture,25.41273374665719,0.14223638061224037,0.5801089800928125,0.9929816439956372,2.1304026974317742,84.11529052194432,61.68395161636083,16793280,42.55380673583644,78489,True
./pages/models/Bone Fracture/Baseline/fracture/107-rotated1-rotated1-rotated3.jpg,fracture,131.27338722651223,0.17115528928056598,0.4906754516038038,0.9672878576002608,4.609053249678249,126.64407099350845,62.1494140625,150528,44.83515300219259,1206,False
./pages/models/Bone Fracture/Baseline/fracture/107-rotated1-rotated2-rotated3.jpg,fracture,126.250925032175,0.15844299538181938,0.49420476066613483,0.9676610288669286,4.310971685971685,132.6372072584477,62.85433274872449,150528,44.23734810221965,1263,False
./pages/models/Bone Fracture/Baseline/fracture/107-rotated1-rotated3-rotated2.jpg,fracture,140.3022643178893,0.1557214673962525,0.4966049561535319,0.9642269239352642,4.644646879021877,140.568132099436,62.66474011479592,150528,44.423731474207976,1263,False
./pages/models/Bone Fracture/Baseline/fracture/107-rotated1-rotated3-rotated3.jpg,fracture,164.62119932432432,0.18221972450284885,0.4712023165524709,0.9605668449167278,5.465874356499356,136.02783639050682,61.101921237244895,150528,45.751823658954535,1113,False
./pages/models/Bone Fracture/Baseline/fracture/107-rotated1-rotated3.jpg,fracture,138.52089366151867,0.13242528335194997,0.5197107560018482,0.9580608245913419,4.007742117117117,183.47792614226242,66.65993702168367,150528,40.74954919302555,1890,False
./pages/models/Bone Fracture/Baseline/fracture/107-rotated2-rotated1-rotated2.jpg,fracture,124.81412886100387,0.13857167345077037,0.5233031105648651,0.9659471233016423,3.966316763191763,136.9048536635101,64.14431202168367,150528,42.99591095105511,1359,False
./pages/models/Bone Fracture/Baseline/fracture/107-rotated2-rotated1-rotated3.jpg,fracture,131.8914897039897,0.16553768973075372,0.48728643051997633,0.9671780342412489,4.5877574002574,126.63752145977728,62.10977359693877,150528,44.884469701188465,1206,False
./pages/models/Bone Fracture/Baseline/fracture/107-rotated2-rotated2-rotated2.jpg,fracture,152.33122184684683,0.13387006476686553,0.5283175717810759,0.9563068331896426,4.241332850707851,222.38794402528038,65.60066565688776,150528,41.86325355394575,1734,False
./pages/models/Bone Fracture/Baseline/fracture/107-rotated2-rotated2-rotated3.jpg,fracture,169.23135859073358,0.17741344451692542,0.4832375416120332,0.9590706435446069,5.234857625482626,202.42848354237915,61.577766262755105,150528,45.51179443438776,1218,False
./pages/models/Bone Fracture/Baseline/fracture/107-rotated2-rotated2.jpg,fracture,159.00074404761904,0.12945932855040979,0.49052195699864354,0.9554100202614006,4.662705115830117,200.7812815753185,65.00171396683673,150528,42.429546066349815,1542,False
./pages/models/Bone Fracture/Baseline/fracture/107-rotated2-rotated3-rotated1.jpg,fracture,129.59360923423424,0.15148353211559235,0.4865492614754553,0.9671217995494593,4.382782335907335,142.0257401964854,62.46673708545919,150528,44.53490530204583,1194,False
./pages/models/Bone Fracture/Baseline/fracture/107-rotated2-rotated3-rotated2.jpg,fracture,148.0561253217503,0.1755129619055716,0.4722402610187946,0.9645042917756664,5.1686172779922765,136.58579727889398,61.12015704719388,150528,45.73051569392395,1113,False
./pages/models/Bone Fracture/Baseline/fracture/107-rotated2-rotated3-rotated3.jpg,fracture,157.55053490990994,0.18080778012769586,0.4725156022318719,0.9623762216581584,5.478181306306307,131.92278339524208,61.078782684948976,150528,45.82587428067572,1107,False
./pages/models/Bone Fracture/Baseline/fracture/107-rotated2-rotated3.jpg,fracture,181.3127413127413,0.1669536378438676,0.48494264406382037,0.9551311389741884,5.348415379665379,201.32863890375015,62.17578125,150528,45.00396622113734,1284,False
./pages/models/Bone Fracture/Baseline/fracture/107-rotated3-rotated1-rotated2.jpg,fracture,150.89261583011586,0.1645558670388143,0.4781943777069815,0.9626062856844286,5.09507722007722,133.6416153913734,61.98349808673469,150528,44.97935909134868,1224,False
./pages/models/Bone Fracture/Baseline/fracture/107-rotated3-rotated1-rotated3.jpg,fracture,149.4337797619048,0.16092817495928438,0.478844104943621,0.9626960869029464,5.033763674388673,132.58221188290622,62.17484454719388,150528,44.81753573394172,1224,False
./pages/models/Bone Fracture/Baseline/fracture/107-rotated3-rotated1.jpg,fracture,152.39237451737452,0.1283801793598957,0.514203337797743,0.956333595736736,4.287403474903475,203.19078468630983,65.41222895408163,150528,41.98679522066029,1656,False
./pages/models/Bone Fracture/Baseline/fracture/107-rotated3-rotated2-rotated2.jpg,fracture,154.68623310810807,0.16186386901919367,0.47141256817411564,0.962056919408972,5.23332931145431,141.64151949765332,61.5436862244898,150528,45.2555285409014,1146,False
./pages/models/Bone Fracture/Baseline/fracture/107-rotated3-rotated3-rotated3.jpg,fracture,134.0530083655084,0.1569079350816987,0.49776776090442143,0.9662126789086645,4.56615990990991,123.58904671976833,62.26411033163265,150528,44.67233179000963,1209,False
./pages/models/Bone Fracture/Baseline/fracture/107.jpg,fracture,40.70488036529203,0.20968079321119193,0.6429518836933742,0.9862803055223244,2.017906197017995,68.86065181223148,69.36020804765853,6871887,38.51091995109425,131916,True
./pages/models/Bone Fracture/Baseline/fracture/108-rotated1-rotated1-rotated1.jpg,fracture,133.58325289575288,0.2028003164968789,0.5925488669625713,0.9714758381910586,3.6212596525096528,122.7158362508962,66.92655851403062,150528,48.42774020504437,2070,False
./pages/models/Bone Fracture/Baseline/fracture/108-rotated1-rotated1-rotated3.jpg,fracture,127.22349581724579,0.18959434559281338,0.5915493836099571,0.9746758637959959,3.5733590733590725,116.2514322698737,65.13793447066327,150528,50.1454211710283,1584,False
./pages/models/Bone Fracture/Baseline/fracture/108-rotated1-rotated1.jpg,fracture,149.96450691763192,0.19711438292991373,0.6172330430765367,0.9655709423374459,3.505127895752896,201.98171864723673,68.71566087372449,150528,46.73623003598846,2709,True
./pages/models/Bone Fracture/Baseline/fracture/108-rotated1-rotated2-rotated1.jpg,fracture,123.57549066924068,0.2136948296492581,0.6267250699031126,0.9733398264591082,3.3196991634491644,117.82521501951841,67.18156090561224,150528,48.191658459492025,2148,False
./pages/models/Bone Fracture/Baseline/fracture/108-rotated1-rotated2-rotated2.jpg,fracture,125.49276061776062,0.1963448843744884,0.5969473053489032,0.9742992789525612,3.5271074646074654,118.91660729074219,65.89626514668367,150528,49.44125202245914,1728,False
./pages/models/Bone Fracture/Baseline/fracture/108-rotated1-rotated2-rotated3.jpg,fracture,125.58172458172459,0.18972806338750556,0.5838041608974824,0.9747343660076907,3.63927767052767,114.36958040192147,65.40652901785714,150528,49.87747456049314,1533,False
./pages/models/Bone Fracture/Baseline/fracture/108-rotated1-rotated3-rotated2.jpg,fracture,131.37005308880305,0.18196935132981581,0.5672984065695449,0.9743388085574539,3.861204954954954,121.17335841636866,64.36312181122449,150528,50.684497099067855,1428,False
./pages/models/Bone Fracture/Baseline/fracture/108-rotated1.jpg,fracture,191.53549308236805,0.2517302565790295,0.640103710502621,0.9548012104513076,3.690295205920206,334.31419012497884,69.5904615752551,150528,46.07357920707758,3117,True
./pages/models/Bone Fracture/Baseline/fracture/108-rotated2-rotated1-rotated1.jpg,fracture,148.21887065637065,0.20333764494004739,0.6139949973198693,0.968734845127457,3.5894868082368085,175.69557896915546,66.8115234375,150528,48.72728747494309,2187,False
./pages/models/Bone Fracture/Baseline/fracture/108-rotated2-rotated2-rotated1.jpg,fracture,127.92020592020592,0.1866563229132591,0.5746487812138663,0.9744308617867933,3.777308558558558,116.58191895236675,65.27172353316327,150528,50.04153833426576,1527,False
./pages/models/Bone Fracture/Baseline/fracture/108-rotated2-rotated2-rotated3.jpg,fracture,127.63955920205919,0.1753216741365025,0.6022002979705529,0.9737239537999236,3.543315637065637,114.44154217738702,65.92538265306122,150528,49.39942495050232,1677,False
./pages/models/Bone Fracture/Baseline/fracture/108-rotated2-rotated2.jpg,fracture,156.03197393822396,0.19353107796741406,0.5648716687064396,0.9687398492919755,4.062500000000001,183.7920264415272,65.42546237244898,150528,49.98080690882126,1782,False
./pages/models/Bone Fracture/Baseline/fracture/108-rotated2-rotated3-rotated2.jpg,fracture,126.88177686615187,0.18925134272441935,0.5543857259933623,0.9753445772089453,4.049569658944659,112.04186619604097,64.30466757015306,150528,50.74336038324814,1431,False
./pages/models/Bone Fracture/Baseline/fracture/108-rotated2-rotated3-rotated3.jpg,fracture,140.38026866151867,0.1952223836853058,0.5342548294406675,0.9739041937662494,4.6190476190476195,115.93101332059557,62.863899075255105,150528,51.8785062987757,1143,False
./pages/models/Bone Fracture/Baseline/fracture/108-rotated3-rotated1-rotated1.jpg,fracture,151.62109877734878,0.19660628306430322,0.5747663265459474,0.9685761413078614,3.9662162162162162,168.812552309493,66.32954001913265,150528,49.14881350000932,2022,False
./pages/models/Bone Fracture/Baseline/fracture/108-rotated3-rotated1-rotated3.jpg,fracture,143.4297377734878,0.1985827274908638,0.5393347139954232,0.9731242909435065,4.664173101673102,118.09332064041145,63.13634008290816,150528,51.66332718811114,1149,False
./pages/models/Bone Fracture/Baseline/fracture/108-rotated3-rotated1.jpg,fracture,151.37699083011586,0.19119724223566362,0.567768361300935,0.9695973415632484,4.026484073359074,168.7162260018205,65.46205357142857,150528,49.914973893031615,1785,False
./pages/models/Bone Fracture/Baseline/fracture/108-rotated3-rotated2-rotated1.jpg,fracture,129.48690878378378,0.19813729191538962,0.5841514495557536,0.9727967087575363,3.6782697876447874,114.57130494369957,66.52156409438776,150528,48.8204081489142,2016,False
./pages/models/Bone Fracture/Baseline/fracture/108-rotated3-rotated2-rotated2.jpg,fracture,128.0999638030888,0.18054382917365586,0.6087857799542488,0.9724643130816902,3.497808075933076,119.61167561198612,66.92155612244898,150528,48.35563260199049,2091,False
./pages/models/Bone Fracture/Baseline/fracture/108-rotated3-rotated2-rotated3.jpg,fracture,135.84769144144144,0.19034944606194643,0.5508848595845868,0.9738079196590486,4.306708494208495,113.80267394835234,64.04149394132654,150528,50.938046903289404,1425,False
./pages/models/Bone Fracture/Baseline/fracture/108-rotated3-rotated3-rotated1.jpg,fracture,136.87946428571428,0.1926917533334967,0.5500010978621552,0.9735306919355752,4.289333976833976,116.6623226671803,64.16187021683673,150528,50.86863483921453,1449,False
./pages/models/Bone Fracture/Baseline/fracture/108-rotated3-rotated3.jpg,fracture,150.12131998069495,0.1974987434880519,0.6155469005919626,0.97039666158998,3.645652348777348,169.96289256809655,64.99726961096938,150528,50.386347879692515,1692,False
./pages/models/Bone Fracture/Baseline/fracture/108.jpg,fracture,33.591654963912674,0.3572525329803354,0.7435607284852671,0.9920322310950018,1.353292921134146,51.21554472592462,70.26735232986223,6871887,45.90154745349148,158826,True
./pages/models/Bone Fracture/Baseline/fracture/109-rotated1-rotated1-rotated1.jpg,fracture,244.7779520592021,0.24340464921581142,0.6089726708454589,0.9361897128716953,4.30320945945946,183.17431889390613,44.97311463647959,150528,43.77227856859484,1380,False
./pages/models/Bone Fracture/Baseline/fracture/109-rotated1-rotated1-rotated2.jpg,fracture,170.53587516087515,0.24831263071417037,0.6159850154997113,0.9551641831397053,4.049911518661518,110.3846098197991,42.90963807397959,150528,43.53859690917089,1236,False
./pages/models/Bone Fracture/Baseline/fracture/109-rotated1-rotated1-rotated3.jpg,fracture,250.6333856177606,0.24423094610095192,0.6121350739658752,0.9349613593980752,4.3619892213642215,232.78741993838574,44.95083306760204,150528,43.844079718870205,1356,False
./pages/models/Bone Fracture/Baseline/fracture/109-rotated1-rotated1.jpg,fracture,245.00084459459458,0.25312140321181315,0.6551043559452974,0.9376623044608532,3.84708815958816,262.19754926307354,44.202427455357146,150528,44.40116740334261,1455,False
./pages/models/Bone Fracture/Baseline/fracture/109-rotated1-rotated2-rotated3.jpg,fracture,193.70889639639634,0.2546316444923082,0.6594616838874247,0.9513256840662366,3.5213561776061773,167.92727393857743,43.25703523596939,150528,44.68782779969365,1233,False
./pages/models/Bone Fracture/Baseline/fracture/109-rotated1-rotated3-rotated3.jpg,fracture,109.48208252895753,0.2435420489793951,0.6100803287673573,0.9709366119950911,3.6757360038610045,117.11099723893767,41.49916294642857,150528,43.355977577608094,1209,False
./pages/models/Bone Fracture/Baseline/fracture/109-rotated1-rotated3.jpg,fracture,272.54281290218785,0.25926744661514206,0.6573501776152794,0.929104235509255,3.8877292471042466,276.7447686499231,45.70497847576531,150528,43.83505712175862,1572,False
./pages/models/Bone Fracture/Baseline/fracture/109-rotated1.jpg,fracture,349.41688787001283,0.26202020297613143,0.6557586132173576,0.911159672810772,4.264056467181467,533.6713435698528,45.723074776785715,150528,44.33912235403521,1689,False
./pages/models/Bone Fracture/Baseline/fracture/109-rotated2-rotated1-rotated1.jpg,fracture,195.03275820463318,0.2468813652394569,0.6168649707399689,0.948987761723852,4.0967462998713,132.10357881456252,43.539819834183675,150528,43.65005174907736,1299,False
./pages/models/Bone Fracture/Baseline/fracture/109-rotated2-rotated1-rotated2.jpg,fracture,230.56330437580436,0.2536164985816497,0.6645882839868817,0.9411097672978763,3.6430180180180183,178.10260175596122,44.835718271683675,150528,44.23715314062328,1389,False
./pages/models/Bone Fracture/Baseline/fracture/109-rotated2-rotated2-rotated1.jpg,fracture,268.59662564350066,0.2508237778308052,0.6314466558664519,0.9313669928807847,4.321368243243243,187.95084778262597,44.86086973852041,150528,44.15850459215058,1332,False
./pages/models/Bone Fracture/Baseline/fracture/109-rotated2-rotated2-rotated2.jpg,fracture,269.69218548906053,0.25328820002260943,0.6331097470470262,0.9308966701884251,4.293496621621623,199.27151304322055,45.00542091836735,150528,44.09842681681781,1356,False
./pages/models/Bone Fracture/Baseline/fracture/109-rotated2-rotated2.jpg,fracture,314.1250603281853,0.2551867216716615,0.6296184406479318,0.9197231207932206,4.566783301158301,283.4742797174737,45.54522082270408,150528,44.15634396924472,1452,False
./pages/models/Bone Fracture/Baseline/fracture/109-rotated2-rotated3.jpg,fracture,313.6096364221364,0.2560408451071243,0.6310916113636474,0.9194845805696684,4.534065315315315,290.5332645144575,45.746173469387756,150528,44.055926395165436,1593,False
./pages/models/Bone Fracture/Baseline/fracture/109-rotated3-rotated2-rotated1.jpg,fracture,153.781611969112,0.24721970718465808,0.6467307529602461,0.9598195286244593,3.271959459459459,142.28611127955875,42.177455357142854,150528,43.738012647453154,1188,False
./pages/models/Bone Fracture/Baseline/fracture/109-rotated3-rotated2-rotated2.jpg,fracture,156.3737532175032,0.2466090275126151,0.6423675894695485,0.9591844075478348,3.3789414414414414,146.5073012602622,42.20697146045919,150528,43.74171833090603,1254,False
./pages/models/Bone Fracture/Baseline/fracture/109-rotated3-rotated3-rotated1.jpg,fracture,269.55194256756755,0.24428498743199814,0.6481734353651472,0.931357297519989,3.9634210102960106,283.5027950323407,44.04830994897959,150528,44.338606738669405,1443,False
./pages/models/Bone Fracture/Baseline/fracture/109-rotated3-rotated3-rotated3.jpg,fracture,267.7655847812098,0.24166556748800375,0.6442452102367667,0.9318374863615628,3.9580316924066925,280.67362631583694,44.03545519770408,150528,44.34205533797512,1392,False
./pages/models/Bone Fracture/Baseline/fracture/109-rotated3-rotated3.jpg,fracture,234.34015041827539,0.24072758285252743,0.6069987442295833,0.9390615326461055,4.435348294723294,224.92181294642603,43.743722098214285,150528,43.81279192948321,1377,False
./pages/models/Bone Fracture/Baseline/fracture/11-rotated1-rotated1-rotated2.jpg,fracture,113.7870213963964,0.3551141762841326,0.6414463123563936,0.9740420997584388,3.671633687258687,77.39821640286331,37.44887994260204,150528,46.72886294994051,2844,True
./pages/models/Bone Fracture/Baseline/fracture/11-rotated1-rotated1-rotated3.jpg,fracture,71.91009089446591,0.3808872759462254,0.7400384496013626,0.9839748530758443,2.162383365508366,67.31297154805901,34.885184151785715,150528,47.278558652911194,2985,True
./pages/models/Bone Fracture/Baseline/fracture/11-rotated1-rotated1.jpg,fracture,89.91228281853282,0.3596076393847771,0.6613095320795921,0.9795414298674917,3.2761019948519943,101.09754721376612,37.59671954719388,150528,46.88993355234656,2823,True
./pages/models/Bone Fracture/Baseline/fracture/11-rotated1-rotated3-rotated1.jpg,fracture,108.76590653153154,0.3503458186890894,0.6457803881838181,0.975187501629515,3.547317406692407,100.1881994114772,37.44680723852041,150528,46.7495131610799,2922,True
./pages/models/Bone Fracture/Baseline/fracture/11-rotated1-rotated3-rotated2.jpg,fracture,128.86339687902188,0.3590262088161245,0.6564122535893036,0.9711354173724861,3.868384009009009,76.53429781760042,36.02650669642857,150528,47.13113497942328,2892,True
./pages/models/Bone Fracture/Baseline/fracture/11-rotated1-rotated3-rotated3.jpg,fracture,75.36502574002573,0.36389564361704796,0.6679933650053186,0.9828144409674157,3.05485842985843,67.20417578465637,37.28477758290816,150528,46.83021879088872,2928,True
./pages/models/Bone Fracture/Baseline/fracture/11-rotated1-rotated3.jpg,fracture,81.87186293436292,0.3757987961267709,0.7266862947089199,0.9818139048012998,2.4602236164736158,116.52641572678203,35.36943957270408,150528,47.43136167185433,3033,True
./pages/models/Bone Fracture/Baseline/fracture/11-rotated2-rotated1-rotated1.jpg,fracture,82.43283462033463,0.3749912589216443,0.7372000044249554,0.9815577516171251,2.2561936936936937,72.04407450021779,34.75346779336735,150528,47.17202924112641,2949,True
./pages/models/Bone Fracture/Baseline/fracture/11-rotated2-rotated1-rotated2.jpg,fracture,84.47566763191764,0.3562775124259562,0.6919213797223657,0.9809764930021208,2.7594111969111967,82.61490053576462,35.194654815051024,150528,47.08113133964699,2991,True
./pages/models/Bone Fracture/Baseline/fracture/11-rotated2-rotated1-rotated3.jpg,fracture,85.36373873873875,0.3704487000494514,0.6888600166681487,0.9810195837166436,2.827059202059202,78.87449956128916,34.42044005102041,150528,47.308787984193756,2949,True
./pages/models/Bone Fracture/Baseline/fracture/11-rotated2-rotated1.jpg,fracture,135.1417913449163,0.36254361577900335,0.6521860147382424,0.9698349638020363,4.016630469755469,85.51979468773426,37.009984853316325,150528,47.21552544855412,2877,True
./pages/models/Bone Fracture/Baseline/fracture/11-rotated2-rotated2-rotated1.jpg,fracture,87.77559925997426,0.3658307003086871,0.7143489454184139,0.9803009841314353,2.5763151544401537,85.48255092925899,35.043048469387756,150528,47.125314016224365,2991,True
./pages/models/Bone Fracture/Baseline/fracture/11-rotated2-rotated2.jpg,fracture,139.66224259974257,0.3624619175226942,0.6610749047823637,0.969073781956572,4.034025096525097,87.45632315218225,36.24139030612245,150528,47.40122868029091,2925,True
./pages/models/Bone Fracture/Baseline/fracture/11-rotated2-rotated3-rotated1.jpg,fracture,133.14281692406692,0.35549015104977394,0.6515107613089889,0.969995436485217,3.7776303088803083,134.04230279020845,36.431082589285715,150528,47.01296950555012,2883,True
./pages/models/Bone Fracture/Baseline/fracture/11-rotated2-rotated3-rotated2.jpg,fracture,133.14281692406692,0.35549015104977394,0.6515107613089889,0.969995436485217,3.7776303088803083,134.04230279020845,36.431082589285715,150528,47.01296950555012,2883,True
./pages/models/Bone Fracture/Baseline/fracture/11-rotated2-rotated3-rotated3.jpg,fracture,130.39144948519953,0.3618168414861301,0.6599174252075808,0.970886480589321,3.9164655727155737,72.13703006329709,35.054707429846935,150528,47.204514187522655,3009,True
./pages/models/Bone Fracture/Baseline/fracture/11-rotated2-rotated3.jpg,fracture,90.10989784427287,0.37038679205555514,0.656547083306972,0.979512829173949,3.4243283462033465,91.85722639241948,38.113301179846935,150528,46.89763417885291,2871,True
./pages/models/Bone Fracture/Baseline/fracture/11-rotated2.jpg,fracture,159.28718227155727,0.36566609883922857,0.6480209194110508,0.9643845910708995,4.234093468468468,171.06965597010512,37.68237802933673,150528,47.17656166695651,2829,True
./pages/models/Bone Fracture/Baseline/fracture/11-rotated3-rotated1-rotated1.jpg,fracture,128.97335505148,0.3604695576375989,0.6550851710209198,0.9717166884187831,4.048966377091376,55.2712577297905,35.23030931122449,150528,47.63292912694956,2811,True
./pages/models/Bone Fracture/Baseline/fracture/11-rotated3-rotated1-rotated2.jpg,fracture,123.4300796332046,0.35153414915327663,0.6465422026167763,0.972587604215421,3.9305220398970393,64.86556319205376,36.04609773596939,150528,47.33894899209354,2832,True
./pages/models/Bone Fracture/Baseline/fracture/11-rotated3-rotated1-rotated3.jpg,fracture,126.31929697554695,0.3653346519533513,0.649255298004273,0.9723858869003521,4.136221042471042,57.51107507464985,34.853934151785715,150528,47.70785878247467,2997,True
./pages/models/Bone Fracture/Baseline/fracture/11-rotated3-rotated1.jpg,fracture,90.54206885456885,0.36833129258365577,0.6610097614892956,0.9793842595538667,3.3111727799227797,112.41777939699132,37.738839285714285,150528,46.87277582946059,2847,True
./pages/models/Bone Fracture/Baseline/fracture/11-rotated3-rotated2-rotated1.jpg,fracture,120.53911277348776,0.35418142641762906,0.6364888388153174,0.9730280688049772,3.910412644787645,75.69142292877477,36.75350765306123,150528,47.165735152945494,2841,True
./pages/models/Bone Fracture/Baseline/fracture/11-rotated3-rotated2-rotated2.jpg,fracture,91.00902911840411,0.3573374330216474,0.6496866465023515,0.9796468245566167,3.41021155083655,81.90274565123558,36.704181281887756,150528,47.19661820665155,2811,True
./pages/models/Bone Fracture/Baseline/fracture/11-rotated3-rotated3-rotated1.jpg,fracture,127.89864864864865,0.3605610931721086,0.6597238860322153,0.9718576898666952,4.016811454311454,56.64342608247284,35.31812021683673,150528,47.55046538900869,2934,True
./pages/models/Bone Fracture/Baseline/fracture/11-rotated3-rotated3.jpg,fracture,76.46742277992279,0.3786139299712698,0.7290281241238351,0.9830613170318847,2.4183156370656373,113.89121913909912,35.38558274872449,150528,47.49767489160313,3063,True
./pages/models/Bone Fracture/Baseline/fracture/11.jpg,fracture,10.619488317879409,0.4214497397770703,0.8486130397787924,0.9976089723687278,0.605526612185028,22.229747446115145,39.2225756918966,22921344,47.11505831834873,439089,True
./pages/models/Bone Fracture/Baseline/fracture/110-rotated1-rotated2-rotated1.jpg,fracture,136.1043275418276,0.155813571118098,0.549706817951858,0.9750380030076861,4.133526383526384,374.73745985201924,71.96318957270408,150528,52.29628483237818,15,False
./pages/models/Bone Fracture/Baseline/fracture/110-rotated1-rotated2-rotated3.jpg,fracture,120.05554214929214,0.165477848036491,0.5567493283632019,0.9796039367957498,3.8960344272844267,203.61699418453608,69.21257174744898,150528,54.28862823875322,0,False
./pages/models/Bone Fracture/Baseline/fracture/110-rotated1-rotated2.jpg,fracture,108.68146718146718,0.16380928972441658,0.5619137369688015,0.980866610600438,3.764317889317889,197.30294480615734,70.37209024234694,150528,53.364944529075885,0,False
./pages/models/Bone Fracture/Baseline/fracture/110-rotated1-rotated3-rotated3.jpg,fracture,123.73222329472333,0.14857039673760658,0.536855012717892,0.977477024856252,4.013191763191763,211.63821011987739,71.80923150510205,150528,52.55681752312839,0,False
./pages/models/Bone Fracture/Baseline/fracture/110-rotated2-rotated2-rotated1.jpg,fracture,107.2383767696268,0.14875846775908136,0.5595326430681868,0.9809087281616947,3.501608751608752,153.3276906357066,70.90082908163265,150528,53.1459765994862,0,False
./pages/models/Bone Fracture/Baseline/fracture/110-rotated2-rotated2-rotated3.jpg,fracture,112.1222249034749,0.14933162745037223,0.5547900364440445,0.9800364588741187,3.635738416988416,141.23969848073557,70.89056521045919,150528,53.141811958232424,0,False
./pages/models/Bone Fracture/Baseline/fracture/110-rotated2-rotated3-rotated1.jpg,fracture,80.47126367438868,0.15221733935720602,0.5736655491886745,0.9854994807129194,3.2708936615186612,127.61300595469002,71.37962372448979,150528,52.7884233941259,0,False
./pages/models/Bone Fracture/Baseline/fracture/110-rotated2-rotated3-rotated3.jpg,fracture,127.96949404761905,0.17012515281682117,0.5097603070776687,0.9789000990231743,4.738075128700129,104.2549607997038,68.603515625,150528,55.08999557090766,0,False
./pages/models/Bone Fracture/Baseline/fracture/110-rotated2-rotated3.jpg,fracture,91.13859395109395,0.16424326758119245,0.579478887731009,0.9822140358197431,3.3055421492921493,227.15216146712993,73.70936304209184,150528,50.71849136886815,3,False
./pages/models/Bone Fracture/Baseline/fracture/110-rotated3-rotated1-rotated1.jpg,fracture,122.57132802445301,0.166817748633127,0.5241295688443758,0.9794595623399092,4.487230534105534,106.22294120637639,68.69023038903062,150528,54.652269674507664,0,False
./pages/models/Bone Fracture/Baseline/fracture/110-rotated3-rotated1-rotated3.jpg,fracture,97.06531531531532,0.170444575715274,0.5669018817314021,0.9838438918786812,3.504424066924067,126.12621833899773,68.32934072066327,150528,54.8538553332916,0,False
./pages/models/Bone Fracture/Baseline/fracture/110-rotated3-rotated1.jpg,fracture,89.4192808880309,0.16180046984780722,0.5772133778711951,0.9837534001111544,3.3551721364221363,194.4826565336953,71.56949537627551,150528,52.550591677913566,0,False
./pages/models/Bone Fracture/Baseline/fracture/110-rotated3-rotated2.jpg,fracture,122.42645994208493,0.15379612003432494,0.55716338246629,0.9768946471645309,3.796352155727156,225.41193910064126,72.78455835459184,150528,51.64791338502966,0,False
./pages/models/Bone Fracture/Baseline/fracture/110-rotated3-rotated3-rotated2.jpg,fracture,110.75725949163447,0.17491368899694526,0.5410306772937574,0.9818117012214,4.0049268018018,121.26340646835128,67.85445232780613,150528,55.20331522783982,0,False
./pages/models/Bone Fracture/Baseline/fracture/110-rotated3-rotated3-rotated3.jpg,fracture,101.75144787644788,0.16569432418136218,0.5500834926488211,0.9830307155916568,3.74135296010296,127.61637532656412,68.34233498086735,150528,54.827928795361146,0,False
./pages/models/Bone Fracture/Baseline/fracture/110-rotated3-rotated3.jpg,fracture,139.88730694980694,0.16263027121111928,0.5226398512125207,0.9764083859180585,4.641409266409266,152.55839800884308,69.67454559948979,150528,54.473615149737014,0,False
./pages/models/Bone Fracture/Baseline/fracture/110.jpg,fracture,27.032701402166985,0.17888551268593852,0.6782093873360807,0.9944700481863811,1.4216179094964942,57.57533258828065,75.78772174466731,9423000,49.441500915316595,9060,True
./pages/models/Bone Fracture/Baseline/fracture/111-rotated1-rotated1-rotated1.jpg,fracture,259.20125482625485,0.24889209897074785,0.5821801421529952,0.9574915088771621,4.792712355212355,192.39403267295992,50.91196986607143,150528,55.20911085838393,780,False
./pages/models/Bone Fracture/Baseline/fracture/111-rotated1-rotated1-rotated3.jpg,fracture,279.97719594594594,0.24933664175443898,0.5884438488264153,0.9535548444016152,4.700490669240669,223.8753808898164,52.1628268494898,150528,54.89410494021643,846,False
./pages/models/Bone Fracture/Baseline/fracture/111-rotated1-rotated1.jpg,fracture,321.376669079794,0.27494990904205974,0.6018354515514526,0.9470554527982918,4.838461229086228,296.2837524398175,53.080098054846935,150528,55.09362376665435,993,False
./pages/models/Bone Fracture/Baseline/fracture/111-rotated1-rotated2-rotated1.jpg,fracture,253.46939350064343,0.24183816069814087,0.5731053702099563,0.958658426409933,4.763473294723294,193.85685728034196,50.04906728316327,150528,55.34495639125748,717,False
./pages/models/Bone Fracture/Baseline/fracture/111-rotated1-rotated2-rotated3.jpg,fracture,247.50599259974257,0.24313005792202103,0.6010435223705776,0.9596622147330457,4.37994691119691,190.4964564207046,50.074836575255105,150528,55.356954562730586,720,False
./pages/models/Bone Fracture/Baseline/fracture/111-rotated1-rotated2.jpg,fracture,310.7696066602317,0.2650807671810464,0.5945083361608179,0.9483421389486996,4.884471525096526,315.33177062363893,53.67460538903061,150528,54.793407341446404,981,False
./pages/models/Bone Fracture/Baseline/fracture/111-rotated1-rotated3-rotated3.jpg,fracture,189.46907175032177,0.2483564602995509,0.6060097010378913,0.9688459028662987,3.8657898970398983,171.96707690611134,48.80610251913265,150528,55.12786016549483,489,False
./pages/models/Bone Fracture/Baseline/fracture/111-rotated1-rotated3.jpg,fracture,420.2065637065637,0.282620093827405,0.5972336006015151,0.9315994157478282,5.383848133848135,640.1872089736315,53.67040019132653,150528,55.34590919253902,1206,False
./pages/models/Bone Fracture/Baseline/fracture/111-rotated1.jpg,fracture,384.77907818532816,0.2620282695344612,0.588616369152135,0.9377587996303905,5.293154761904762,533.1134917268354,52.20742984693877,150528,55.64137698002808,1140,False
./pages/models/Bone Fracture/Baseline/fracture/111-rotated2-rotated1-rotated1.jpg,fracture,275.12057593307594,0.2503262089846853,0.5940102662951616,0.9546716046368833,4.660070785070785,201.259431386977,51.253886320153065,150528,55.05758536403332,816,False
./pages/models/Bone Fracture/Baseline/fracture/111-rotated2-rotated1.jpg,fracture,308.89925193050203,0.24807151128303456,0.5823788038311285,0.9494090982621187,4.992438867438869,324.4543906326644,51.40312101403061,150528,55.248642061161874,879,False
./pages/models/Bone Fracture/Baseline/fracture/111-rotated2-rotated2-rotated2.jpg,fracture,300.46561293436287,0.2544391004461629,0.5745579310295998,0.9511884214718433,5.12898166023166,220.36431346124328,51.336057079081634,150528,55.3858046849672,807,False
./pages/models/Bone Fracture/Baseline/fracture/111-rotated2-rotated2-rotated3.jpg,fracture,275.6363014800515,0.25655052940483714,0.6067430823221434,0.9550077996537502,4.5378458815958815,206.47822568854508,51.672731983418366,150528,55.363895565221945,900,False
./pages/models/Bone Fracture/Baseline/fracture/111-rotated2-rotated2.jpg,fracture,302.8665138352639,0.2555333780962115,0.5852050354391226,0.9506856847494438,5.033421814671816,271.8824908198143,51.17205436862245,150528,55.38588713233562,876,False
./pages/models/Bone Fracture/Baseline/fracture/111-rotated2-rotated3-rotated1.jpg,fracture,251.05990588803087,0.251235206934601,0.5709006766224722,0.9587136469996881,4.962938384813385,169.9271046385473,50.30452806122449,150528,55.05434337157916,570,False
./pages/models/Bone Fracture/Baseline/fracture/111-rotated2-rotated3-rotated2.jpg,fracture,276.894103925354,0.24017412562102264,0.5809837841747376,0.9545226810268171,4.756796975546977,238.7030123798413,50.69403698979592,150528,55.11101079059317,627,False
./pages/models/Bone Fracture/Baseline/fracture/111-rotated2.jpg,fracture,373.48871862934357,0.25464282705359204,0.5852131089120619,0.9398008537409472,5.362874034749035,540.3642279669824,51.423270089285715,150528,55.696675936865475,1056,False
./pages/models/Bone Fracture/Baseline/fracture/111-rotated3-rotated1-rotated1.jpg,fracture,191.5648326898327,0.2510999312583206,0.5607221854014933,0.9682899803673097,5.141690797940799,132.87608330411646,48.84546396683673,150528,54.87237259810784,327,False
./pages/models/Bone Fracture/Baseline/fracture/111-rotated3-rotated1.jpg,fracture,320.2842060810811,0.2650016453751821,0.5918827431827622,0.946992851674449,4.952159749034748,324.0293070619576,53.49555564413265,150528,54.92537750808695,990,False
./pages/models/Bone Fracture/Baseline/fracture/111-rotated3-rotated2-rotated1.jpg,fracture,198.7037886100386,0.24808008559658037,0.5468936051607152,0.9672392859633633,5.5347892535392536,146.92959616334176,48.510383450255105,150528,54.98401295910496,315,False
./pages/models/Bone Fracture/Baseline/fracture/111-rotated3-rotated2-rotated2.jpg,fracture,198.7037886100386,0.24808008559658037,0.5468936051607152,0.9672392859633633,5.5347892535392536,146.92959616334176,48.510383450255105,150528,54.98401295910496,315,False
./pages/models/Bone Fracture/Baseline/fracture/111-rotated3-rotated2-rotated3.jpg,fracture,197.80385296010294,0.24692225126257902,0.5473289965951008,0.9673875667080235,5.542028635778636,147.89460446168263,48.46639827806123,150528,54.984110237207105,303,False
./pages/models/Bone Fracture/Baseline/fracture/111-rotated3-rotated2.jpg,fracture,316.10088883526385,0.2771307039937881,0.5965453790701333,0.9478600766772368,4.847470238095239,291.76924809134533,53.299924266581634,150528,55.05724812215991,1023,False
./pages/models/Bone Fracture/Baseline/fracture/111.jpg,fracture,45.88959547635788,0.30531235126623396,0.7433081061615627,0.9926452319412995,1.3385297362631796,47.06462096225908,54.062873970207654,9004728,55.8433503687698,90474,True
./pages/models/Bone Fracture/Baseline/fracture/112-rotated1-rotated1-rotated3.jpg,fracture,187.50341859716858,0.13373017256285974,0.460675397516279,0.9654942269667266,4.942929536679537,198.61131500631808,68.10291772959184,150528,52.21476445727483,651,False
./pages/models/Bone Fracture/Baseline/fracture/112-rotated1-rotated1.jpg,fracture,256.999638030888,0.10439747877012683,0.43504249398108763,0.9511432302113274,5.6018741956241955,266.0157923124473,71.14520886479592,150528,51.372777896830875,753,False
./pages/models/Bone Fracture/Baseline/fracture/112-rotated1-rotated2-rotated3.jpg,fracture,230.05359153796653,0.11524869341288933,0.4309492849127246,0.9568061809791177,5.634873712998713,170.0448496785575,70.05656090561224,150528,51.691142764280436,645,False
./pages/models/Bone Fracture/Baseline/fracture/112-rotated1-rotated3-rotated1.jpg,fracture,245.98085585585588,0.12328697615219662,0.42751857103730906,0.9546817166470456,5.77292471042471,211.16856882523516,68.40437659438776,150528,52.211785409927906,630,False
./pages/models/Bone Fracture/Baseline/fracture/112-rotated1-rotated3-rotated3.jpg,fracture,244.56883445945942,0.12322426855856197,0.42016958019340456,0.9548684438271597,6.028133043758043,212.2075294961735,68.4184271364796,150528,52.16624699419898,654,False
./pages/models/Bone Fracture/Baseline/fracture/112-rotated2-rotated1-rotated1.jpg,fracture,212.31873391248388,0.08226376264390389,0.4500443086833154,0.9544585535526231,4.606780888030888,275.3671356063741,75.42057955994898,150528,48.40167114431143,816,False
./pages/models/Bone Fracture/Baseline/fracture/112-rotated2-rotated1-rotated2.jpg,fracture,211.80079633204636,0.08153920695373923,0.4487104188930604,0.9561344504347562,4.700651544401545,268.7020163573805,74.14997209821429,150528,49.251621971464175,792,False
./pages/models/Bone Fracture/Baseline/fracture/112-rotated2-rotated1-rotated3.jpg,fracture,213.91244369369372,0.0822487240019291,0.4478882083924718,0.9547113566192748,4.601793758043759,280.866624138247,74.98058832908163,150528,48.71700485418354,828,False
./pages/models/Bone Fracture/Baseline/fracture/112-rotated2-rotated1.jpg,fracture,264.2958494208494,0.07542451602163079,0.43317179299227976,0.9443900664454463,5.146999678249678,342.2474763434115,74.5958027742347,150528,48.94741504404768,858,False
./pages/models/Bone Fracture/Baseline/fracture/112-rotated2-rotated2-rotated2.jpg,fracture,219.4026101994852,0.09533747152662966,0.44199675638943176,0.9571250087105233,5.189571267696268,274.8041644177801,72.08910634566327,150528,50.6877344600806,780,False
./pages/models/Bone Fracture/Baseline/fracture/112-rotated3-rotated1-rotated1.jpg,fracture,184.777388996139,0.1203314941635316,0.42310564172431203,0.9656242890342799,5.670045045045045,159.02505983625136,69.27164381377551,150528,51.92862659785996,621,False
./pages/models/Bone Fracture/Baseline/fracture/112-rotated3-rotated1.jpg,fracture,245.34153796653794,0.07949552287561011,0.44158786716526344,0.9472224184316689,4.883807915057916,353.64768589461465,75.47686144770408,150528,48.34663736054125,813,False
./pages/models/Bone Fracture/Baseline/fracture/112-rotated3-rotated2-rotated1.jpg,fracture,218.3707166988417,0.09526748731787184,0.4449930480742792,0.9579873335870703,5.194759491634493,197.33999638714326,70.73736447704081,150528,51.135407094096934,672,False
./pages/models/Bone Fracture/Baseline/fracture/112-rotated3-rotated2-rotated2.jpg,fracture,218.6384732947233,0.09589029212580392,0.4466469971563225,0.9579241039380993,5.113296332046332,194.68341480042233,70.73738440688776,150528,51.12987425041014,657,False
./pages/models/Bone Fracture/Baseline/fracture/112-rotated3-rotated2-rotated3.jpg,fracture,213.21760376447878,0.15307704938717728,0.4198845219500138,0.961817715912318,6.7100426319176325,176.97151005779492,66.24523676658163,150528,52.91219972873622,642,False
./pages/models/Bone Fracture/Baseline/fracture/112-rotated3-rotated2.jpg,fracture,261.9720077220078,0.11497671556466506,0.4218319024930039,0.9512394400582111,5.972570785070786,253.1055848575641,70.07260443239795,150528,51.911038414199815,753,False
./pages/models/Bone Fracture/Baseline/fracture/112-rotated3-rotated3-rotated3.jpg,fracture,249.6294843951094,0.15836958749274077,0.43203800408909976,0.9557804211729487,6.290761743886745,181.9538095669665,65.52254065688776,150528,53.2105018928519,642,False
./pages/models/Bone Fracture/Baseline/fracture/112-rotated3-rotated3.jpg,fracture,260.95246138996134,0.11126378482942971,0.42864156592177083,0.9510044478930308,5.7798423423423415,254.88098666251867,70.62005739795919,150528,51.6894083667571,777,False
./pages/models/Bone Fracture/Baseline/fracture/113-rotated1-rotated1-rotated1.jpg,fracture,204.72866393178893,0.14877880217852077,0.5999447218601717,0.957033414857541,3.817708333333333,253.7586182793295,48.62396364795919,150528,48.78219129173236,2148,False
./pages/models/Bone Fracture/Baseline/fracture/113-rotated1-rotated1-rotated2.jpg,fracture,205.3592945624196,0.14937346198606669,0.5881726958656791,0.9572212022208971,4.037986647361648,252.87460871787428,47.98295998086735,150528,48.96562979075057,2112,False
./pages/models/Bone Fracture/Baseline/fracture/113-rotated1-rotated1-rotated3.jpg,fracture,207.73974420849422,0.16155397678599476,0.5783738411008404,0.9571922680537555,4.448721042471043,250.90502403319653,46.55094068877551,150528,49.2361353316156,2112,False
./pages/models/Bone Fracture/Baseline/fracture/113-rotated1-rotated2-rotated1.jpg,fracture,219.88925756113252,0.15955675964172195,0.5811907573314058,0.9543399048360671,4.380530083655083,166.69368500810822,46.88392857142857,150528,49.05323095856673,1899,False
./pages/models/Bone Fracture/Baseline/fracture/113-rotated1-rotated3-rotated1.jpg,fracture,169.15866312741315,0.15538508585955796,0.5882795115638701,0.9645810931657751,4.021798584298585,147.3421070189438,47.15072943239796,150528,48.84813534533345,2055,False
./pages/models/Bone Fracture/Baseline/fracture/113-rotated1-rotated3-rotated2.jpg,fracture,187.67623873873873,0.14356168575222497,0.6021672023655733,0.9591359120773968,3.596082689832689,172.05533811123556,50.11519451530612,150528,47.88948304596603,2052,False
./pages/models/Bone Fracture/Baseline/fracture/113-rotated1-rotated3-rotated3.jpg,fracture,173.27769063706563,0.1712098706489871,0.5781870193913111,0.9637229497095793,4.492378539253538,147.6834659282489,45.48290019132653,150528,48.85455724943037,2040,False
./pages/models/Bone Fracture/Baseline/fracture/113-rotated1-rotated3.jpg,fracture,201.87146074646074,0.14950753202494893,0.6153450005295645,0.9563591030704797,3.464124839124839,241.64972174182532,50.688058035714285,150528,48.06175639260961,2139,False
./pages/models/Bone Fracture/Baseline/fracture/113-rotated1.jpg,fracture,255.43888754826253,0.1508894897812303,0.6039883390109319,0.9472843783499548,4.112069658944659,475.5334150321482,48.62938456632653,150528,49.19036131310267,2202,False
./pages/models/Bone Fracture/Baseline/fracture/113-rotated2-rotated1-rotated2.jpg,fracture,199.59308638996134,0.1599536017931149,0.5890965369713629,0.958264352360405,4.069558397683396,195.8531245510065,45.62874681122449,150528,48.84572877477837,2151,False
./pages/models/Bone Fracture/Baseline/fracture/113-rotated2-rotated1-rotated3.jpg,fracture,198.5158260939511,0.16263150453362882,0.6226233807167572,0.958447256413259,3.611828346203347,195.56035667039708,45.61995774872449,150528,48.82229275868813,2121,False
./pages/models/Bone Fracture/Baseline/fracture/113-rotated2-rotated3-rotated1.jpg,fracture,173.45294401544402,0.15214684417497426,0.5846711714582529,0.9636456236179687,3.9849179536679533,154.31572372741573,47.34317203443877,150528,48.82351410285276,1998,False
./pages/models/Bone Fracture/Baseline/fracture/113-rotated2-rotated3-rotated2.jpg,fracture,175.18412162162159,0.15833363795196365,0.5814887550196022,0.9634582049699841,4.167511261261261,162.81745997035273,46.73315927933673,150528,48.94368499258633,2025,False
./pages/models/Bone Fracture/Baseline/fracture/113-rotated2-rotated3.jpg,fracture,232.95949967824964,0.1818369077207115,0.568051851583053,0.9521543717793793,5.402348777348776,255.09381910901627,44.23150510204081,150528,49.331948672761904,2199,False
./pages/models/Bone Fracture/Baseline/fracture/113-rotated2.jpg,fracture,254.05059523809524,0.14845886818478995,0.6005233344148024,0.9474501337195614,4.0758124195624195,488.3293528459511,48.87846779336735,150528,49.13439481177813,2208,False
./pages/models/Bone Fracture/Baseline/fracture/113-rotated3-rotated1-rotated1.jpg,fracture,198.61456322393826,0.15086722047099682,0.5742720018188437,0.9585122980305325,4.26401624839125,197.14713208867033,46.58003826530612,150528,48.87270471408314,2046,False
./pages/models/Bone Fracture/Baseline/fracture/113-rotated3-rotated1-rotated2.jpg,fracture,187.95274292149287,0.15360918929301975,0.5771289997225363,0.9607016677526095,4.284950128700128,223.3303566213351,46.55801578443877,150528,48.86916955852303,2052,False
./pages/models/Bone Fracture/Baseline/fracture/113-rotated3-rotated1.jpg,fracture,213.1761985199485,0.14790440759103757,0.6089848743526893,0.9549844556714038,3.5545366795366795,260.2865109314574,49.48389668367347,150528,48.63336284645173,2016,False
./pages/models/Bone Fracture/Baseline/fracture/113-rotated3-rotated2-rotated2.jpg,fracture,197.04456241956245,0.1447810008541504,0.5896616826337612,0.9585491371338868,3.9775176962676966,175.70400233231004,47.56624681122449,150528,48.71163165759495,2040,False
./pages/models/Bone Fracture/Baseline/fracture/113-rotated3-rotated2-rotated3.jpg,fracture,208.42915460102958,0.17455499788271517,0.5971688711869759,0.9567934946629483,4.088461229086229,155.61397594116667,45.17544244260204,150528,49.09367968454255,2064,False
./pages/models/Bone Fracture/Baseline/fracture/113-rotated3-rotated2.jpg,fracture,275.32933156370655,0.16266498715800443,0.5672594190638154,0.9441276554911583,5.1144425675675675,259.4801172826847,46.75980548469388,150528,49.61869296745832,2007,False
./pages/models/Bone Fracture/Baseline/fracture/113-rotated3-rotated3-rotated2.jpg,fracture,180.84385054697555,0.15567056439981247,0.5903153370058776,0.9621855349361207,3.9715854247104247,182.4797906422804,47.146603954081634,150528,48.86424742044916,2046,False
./pages/models/Bone Fracture/Baseline/fracture/113.jpg,fracture,52.28400761653228,0.18286877186070327,0.7755151590327497,0.9891099155068414,1.1744249251352237,65.12633765320186,52.0283602551062,7208292,48.983560145201025,121821,True
./pages/models/Bone Fracture/Baseline/fracture/114-rotated1-rotated1-rotated2.jpg,fracture,192.6146637709138,0.11395345700196165,0.3973005481431427,0.969767642941291,6.190395752895754,198.86727399242167,75.42729591836735,150528,56.47381753904052,12,False
./pages/models/Bone Fracture/Baseline/fracture/114-rotated1-rotated1-rotated3.jpg,fracture,139.4624557593308,0.1307419061979364,0.43961039786748796,0.9785797093732935,5.064088642213642,208.90915283964156,74.16071428571429,150528,57.14359932553733,18,False
./pages/models/Bone Fracture/Baseline/fracture/114-rotated1-rotated1.jpg,fracture,276.0857665701416,0.08725685634467635,0.38499426993154595,0.9526415773625567,6.87433638996139,818.67421532988,79.23810188137755,150528,54.05905792923967,168,False
./pages/models/Bone Fracture/Baseline/fracture/114-rotated1-rotated2-rotated2.jpg,fracture,233.98944256756758,0.14251363808749612,0.38427319555640954,0.9656246365729992,7.314812580437581,209.31605880869176,73.27182318239795,150528,58.363505552403375,6,False
./pages/models/Bone Fracture/Baseline/fracture/114-rotated1-rotated2-rotated3.jpg,fracture,137.6442446911197,0.137325393960899,0.4443795984142105,0.9792676634772598,5.020732786357787,208.30174689390222,73.40445631377551,150528,57.702833444081854,0,False
./pages/models/Bone Fracture/Baseline/fracture/114-rotated1-rotated3-rotated3.jpg,fracture,208.1693211068211,0.12318155857200735,0.39810102430857264,0.9680399901919916,6.322393822393821,247.33394593727786,74.42422672193878,150528,57.092851290567566,12,False
./pages/models/Bone Fracture/Baseline/fracture/114-rotated2-rotated1-rotated1.jpg,fracture,177.44898246460747,0.08397061697728735,0.40919917532087735,0.9692848990850134,5.594896235521236,408.2877919706688,78.15306122448979,150528,53.890017056343424,117,False
./pages/models/Bone Fracture/Baseline/fracture/114-rotated2-rotated1.jpg,fracture,281.60289977477476,0.08577072747554496,0.3815696798307791,0.952747644163596,7.040359555984556,811.660740073449,78.62442203443878,150528,54.65800976612275,153,False
./pages/models/Bone Fracture/Baseline/fracture/114-rotated2-rotated2-rotated1.jpg,fracture,203.7495374839125,0.13485728222930946,0.39694368776812394,0.96925132626568,6.539716055341055,234.07540608683706,73.45515784438776,150528,57.590017490012606,12,False
./pages/models/Bone Fracture/Baseline/fracture/114-rotated2-rotated2-rotated3.jpg,fracture,258.1383727477478,0.15771966909524157,0.3747219316373416,0.9626962957736903,7.899553571428572,215.68072674841446,71.81419403698979,150528,58.85184715981671,6,False
./pages/models/Bone Fracture/Baseline/fracture/114-rotated2-rotated2.jpg,fracture,279.1268500643501,0.08781787925155014,0.3775070103991104,0.9535764338255962,7.123873873873874,814.5898373467583,78.29510124362245,150528,54.89918531624481,150,False
./pages/models/Bone Fracture/Baseline/fracture/114-rotated2-rotated3-rotated1.jpg,fracture,219.36243162805664,0.14219376602020828,0.3870531180402521,0.9674610619683793,6.97705518018018,224.67321452554287,72.9295878507653,150528,58.08387120042848,6,False
./pages/models/Bone Fracture/Baseline/fracture/114-rotated2-rotated3-rotated2.jpg,fracture,233.17193532818536,0.147429535920603,0.3864883362206653,0.9656584590891022,7.234073359073361,216.8949229956567,72.64516900510205,150528,58.30210950860899,6,False
./pages/models/Bone Fracture/Baseline/fracture/114-rotated2-rotated3.jpg,fracture,307.1422337516087,0.13341973918836467,0.3807343677226376,0.954272802425118,8.039474742599742,748.4296507666578,74.04322783801021,150528,57.98558742470365,72,False
./pages/models/Bone Fracture/Baseline/fracture/114-rotated2.jpg,fracture,274.9344634813385,0.09501878151784895,0.38369404795307904,0.9553042250862168,7.123089607464609,707.7555376995808,77.43644371811224,150528,55.519533435838746,84,False
./pages/models/Bone Fracture/Baseline/fracture/114-rotated3-rotated1-rotated1.jpg,fracture,199.20405003217502,0.12169666373706815,0.398538806717713,0.969106127504143,6.339386261261261,202.61332382295885,75.078125,150528,56.81177940758689,12,False
./pages/models/Bone Fracture/Baseline/fracture/114-rotated3-rotated1.jpg,fracture,161.3617479086229,0.09115848096586994,0.42230174129880854,0.9712766656151551,5.35736406048906,390.44803411888114,79.20493861607143,150528,53.130627631138466,150,False
./pages/models/Bone Fracture/Baseline/fracture/114-rotated3-rotated2-rotated1.jpg,fracture,122.72691441441444,0.09004398827884968,0.43384835212043626,0.9782389658704678,4.747224903474904,233.8826555016139,79.11930006377551,150528,53.24362690874696,63,False
./pages/models/Bone Fracture/Baseline/fracture/114-rotated3-rotated2-rotated2.jpg,fracture,171.47930743243245,0.09573201469053763,0.40468714113943544,0.9714463667726239,5.657717985842988,209.6391370929017,77.36172672193878,150528,54.85385170282738,48,False
./pages/models/Bone Fracture/Baseline/fracture/114-rotated3-rotated3-rotated2.jpg,fracture,206.55516007078504,0.14194956002287556,0.39689083063725733,0.9693101415104746,6.58677203989704,229.33305319961235,72.8651347257653,150528,58.043945221042364,24,False
./pages/models/Bone Fracture/Baseline/fracture/114-rotated3.jpg,fracture,340.3338561776062,0.12998132942961652,0.3763070310390427,0.9494112306836628,8.363095238095239,738.3379373991305,74.47574537627551,150528,58.00171849124574,42,False
./pages/models/Bone Fracture/Baseline/fracture/114.jpg,fracture,38.26145836837545,0.11749623455488982,0.6190674763247297,0.9929697437646163,1.7613077874373853,60.25071590468721,81.98815862555783,14993952,52.170869381695766,46059,True
./pages/models/Bone Fracture/Baseline/fracture/115-rotated1-rotated2-rotated1.jpg,fracture,186.40807995495493,0.06720325021246631,0.3724676910312119,0.9590974904620094,5.896175193050194,282.91669069136833,63.38267299107143,150528,47.868537359515194,438,False
./pages/models/Bone Fracture/Baseline/fracture/115-rotated1-rotated2-rotated2.jpg,fracture,155.8350627413127,0.08915792137930426,0.4094389527085829,0.966186783872665,5.2595720720720704,264.276035097131,62.965461575255105,150528,48.12764767616259,438,False
./pages/models/Bone Fracture/Baseline/fracture/115-rotated1-rotated2.jpg,fracture,230.17217664092664,0.08843041735206156,0.4029522919355573,0.9502585088741011,6.173785392535391,553.4440069071505,63.36806441326531,150528,48.16893547293049,453,False
./pages/models/Bone Fracture/Baseline/fracture/115-rotated1-rotated3-rotated2.jpg,fracture,195.83395672458172,0.10621678846469532,0.3680510147757507,0.9590802959391611,6.310991795366796,268.8437918027904,62.10760124362245,150528,48.958305709663726,447,False
./pages/models/Bone Fracture/Baseline/fracture/115-rotated1-rotated3.jpg,fracture,286.2247828185328,0.14057789333591378,0.3723308488780714,0.9430293468313076,7.367318211068211,559.0843393738097,61.02847975127551,150528,50.12435275837343,438,False
./pages/models/Bone Fracture/Baseline/fracture/115-rotated2-rotated1.jpg,fracture,231.2062419562419,0.0673847151703493,0.35022068445340576,0.9498072349317869,6.676278957528958,461.3820110572869,63.664760044642854,150528,48.10800743782571,465,False
./pages/models/Bone Fracture/Baseline/fracture/115-rotated2-rotated2-rotated2.jpg,fracture,165.69144144144147,0.08386687179500632,0.4169682207295844,0.9633602655414233,5.402831402831403,260.6468961382846,63.53011399872449,150528,47.619299303644105,423,False
./pages/models/Bone Fracture/Baseline/fracture/115-rotated2-rotated2-rotated3.jpg,fracture,183.41003056628057,0.1324318685034061,0.38151739034907606,0.9622664772994635,6.1352557915057915,230.51010252425496,61.1862643494898,150528,49.3292827075521,420,False
./pages/models/Bone Fracture/Baseline/fracture/115-rotated2-rotated3-rotated2.jpg,fracture,191.04615106177607,0.1273395629507878,0.37748575806353735,0.9607760034459196,6.202722812097811,250.82502170445173,61.08743223852041,150528,49.41266917396549,411,False
./pages/models/Bone Fracture/Baseline/fracture/115-rotated2-rotated3-rotated3.jpg,fracture,177.55719111969108,0.11901195774468445,0.3969246304933978,0.9634729293126969,5.7081322393822385,251.50848075003987,61.09159757653061,150528,49.39333750669001,420,False
./pages/models/Bone Fracture/Baseline/fracture/115-rotated2-rotated3.jpg,fracture,282.4881756756757,0.1412154068725977,0.34858799615859815,0.944445846218248,8.044441763191763,500.02986980090293,60.79043765943877,150528,50.45585275671502,450,False
./pages/models/Bone Fracture/Baseline/fracture/115-rotated2.jpg,fracture,322.67414736164744,0.07167207196420054,0.38885202774032956,0.930411597614599,7.119932432432433,1207.2999013100803,64.10879703443878,150528,48.238905973554694,642,False
./pages/models/Bone Fracture/Baseline/fracture/115-rotated3-rotated1-rotated1.jpg,fracture,227.60265846203347,0.14483234637905681,0.3694545473158906,0.9546185442893346,6.907195141570141,279.39276593330254,60.668247767857146,150528,50.094730822802305,417,False
./pages/models/Bone Fracture/Baseline/fracture/115-rotated3-rotated1-rotated2.jpg,fracture,195.4662363256113,0.12420449418646103,0.39403215768810995,0.9601391970005044,6.098194176319176,268.01108805828414,61.35433274872449,150528,49.606626464126705,411,False
./pages/models/Bone Fracture/Baseline/fracture/115-rotated3-rotated1.jpg,fracture,204.81260054697555,0.06276992343404288,0.38582854583859233,0.9532541231884426,6.057412323037323,484.05623551042606,64.88628029336735,150528,46.94345620280369,468,False
./pages/models/Bone Fracture/Baseline/fracture/115-rotated3-rotated2-rotated1.jpg,fracture,187.67028635778638,0.11263075269873354,0.414157320512656,0.960976577516533,5.730212355212356,298.9190322954623,61.7043606505102,150528,49.15336349280327,399,False
./pages/models/Bone Fracture/Baseline/fracture/115-rotated3-rotated2.jpg,fracture,224.95913770913768,0.09337316958137912,0.4045743237490918,0.9517210508220869,6.14064510939511,467.779441849384,63.12786989795919,150528,48.337828983442805,468,False
./pages/models/Bone Fracture/Baseline/fracture/115-rotated3-rotated3-rotated1.jpg,fracture,163.25643500643503,0.11695193284425077,0.41250672878658884,0.9660951569016727,5.519305019305019,254.3746626348309,61.81094547193877,150528,49.199000254590906,420,False
./pages/models/Bone Fracture/Baseline/fracture/115-rotated3-rotated3.jpg,fracture,262.6010094916345,0.12965936198885214,0.3482197270370522,0.9473297422517368,7.574103120978121,453.4789056039164,61.25181361607143,150528,49.95401650963467,447,False
./pages/models/Bone Fracture/Baseline/fracture/115-rotated3.jpg,fracture,382.5597047940798,0.12558654866591512,0.3733145025400378,0.9241100985187848,7.966477638352638,1320.3002338512697,61.92655851403061,150528,50.23229885458918,585,False
./pages/models/Bone Fracture/Baseline/fracture/115.jpg,fracture,61.84647192065987,0.13483962394859325,0.6309307473688615,0.9867394614706991,1.9726331159521284,114.67328775225398,65.93570507628677,14993952,48.295602259390186,118698,True
./pages/models/Bone Fracture/Baseline/fracture/116-rotated1-rotated1-rotated1.jpg,fracture,108.47049951737452,0.1453048444891042,0.530862363198301,0.9695209300632882,3.547920688545689,94.8246108293037,52.63321109693877,150528,42.23494771742897,1599,False
./pages/models/Bone Fracture/Baseline/fracture/116-rotated1-rotated1-rotated2.jpg,fracture,109.34604247104247,0.14321673592356907,0.54988898743215,0.9691438244356323,3.479327541827541,95.37145596948676,52.700952646683675,150528,42.18508916828115,1659,False
./pages/models/Bone Fracture/Baseline/fracture/116-rotated1-rotated2-rotated2.jpg,fracture,115.70119449806953,0.15790600481703848,0.48773375308380174,0.9693687248370942,4.312278796653797,96.28518950030585,51.02652662627551,150528,43.47035024826371,1431,False
./pages/models/Bone Fracture/Baseline/fracture/116-rotated1-rotated2-rotated3.jpg,fracture,124.8863819176319,0.17214079928058784,0.4844553066650819,0.9675647388858811,4.65053893178893,102.25330475398474,50.42635921556123,150528,43.87992549530642,1335,False
./pages/models/Bone Fracture/Baseline/fracture/116-rotated1-rotated3-rotated1.jpg,fracture,114.36030003217503,0.1339564989870505,0.5030824437065419,0.9688331391590987,3.8206443050193046,97.72025203704833,51.72999043367347,150528,42.90547402905685,1581,False
./pages/models/Bone Fracture/Baseline/fracture/116-rotated1-rotated3-rotated2.jpg,fracture,107.44636824324323,0.14700559128325466,0.48909350958978604,0.9709246613121116,4.065456081081081,88.98007381205657,51.60760124362245,150528,43.00818692569633,1509,False
./pages/models/Bone Fracture/Baseline/fracture/116-rotated1-rotated3-rotated3.jpg,fracture,131.75565074002574,0.1750872315527141,0.4757904177350717,0.9659259636778591,4.918295527670527,106.63129184465518,50.30058195153061,150528,43.97876112201376,1329,False
./pages/models/Bone Fracture/Baseline/fracture/116-rotated1-rotated3.jpg,fracture,126.81465170527672,0.14387469278096826,0.5060642181972678,0.9647208820344092,3.96977557915058,147.6823356720568,52.53802614795919,150528,42.428524325753436,1755,False
./pages/models/Bone Fracture/Baseline/fracture/116-rotated1.jpg,fracture,159.70968066280562,0.1730922851142639,0.5264867633442534,0.954737815146957,4.044059684684685,272.7541445371063,53.21595982142857,150528,42.05871590921505,1848,False
./pages/models/Bone Fracture/Baseline/fracture/116-rotated2-rotated1-rotated3.jpg,fracture,122.96004263191763,0.1711125817815038,0.4814497525324063,0.9680661213208819,4.675132722007722,103.71340506258532,50.420240752551024,150528,43.89031680438735,1368,False
./pages/models/Bone Fracture/Baseline/fracture/116-rotated2-rotated1.jpg,fracture,123.00864703989701,0.1679972055797304,0.5300325823322071,0.9647591580585014,3.718227155727155,120.5788080449007,53.14614556760204,150528,41.83127650750458,1857,False
./pages/models/Bone Fracture/Baseline/fracture/116-rotated2-rotated2-rotated1.jpg,fracture,118.85798745173747,0.15332795971477142,0.4885340273874882,0.968823796919216,4.314269626769626,105.01090856573573,50.671894929846935,150528,43.69926253613407,1452,False
./pages/models/Bone Fracture/Baseline/fracture/116-rotated2-rotated2-rotated3.jpg,fracture,118.85798745173747,0.15332795971477142,0.4885340273874882,0.968823796919216,4.314269626769626,105.01090856573573,50.671894929846935,150528,43.69926253613407,1452,False
./pages/models/Bone Fracture/Baseline/fracture/116-rotated2-rotated2.jpg,fracture,123.1315958815959,0.14675246731362482,0.5182281301280599,0.9654908041445518,3.814068532818533,132.60717541115923,52.725027901785715,150528,42.28210886544372,1698,False
./pages/models/Bone Fracture/Baseline/fracture/116-rotated2.jpg,fracture,156.89340009652508,0.1553919152877709,0.5085045844064074,0.9562042671185615,4.189732142857142,259.62523732151607,52.89321588010204,150528,42.3629933236305,1872,False
./pages/models/Bone Fracture/Baseline/fracture/116-rotated3-rotated1-rotated1.jpg,fracture,116.4429094272844,0.15275188520801597,0.48662353772515077,0.9691399602790284,4.331181628056627,97.9422352054823,50.90218431122449,150528,43.47853092594993,1479,False
./pages/models/Bone Fracture/Baseline/fracture/116-rotated3-rotated1-rotated2.jpg,fracture,111.28736325611324,0.15364816423418476,0.48284249389827355,0.9704781117941401,4.372627091377091,89.60296401715387,50.90874123086735,150528,43.426889286842766,1392,False
./pages/models/Bone Fracture/Baseline/fracture/116-rotated3-rotated1-rotated3.jpg,fracture,133.38348616473618,0.15945834912260587,0.4859549308764366,0.9649566344210846,4.62463803088803,127.32409959314067,50.908761160714285,150528,43.63009907223782,1539,False
./pages/models/Bone Fracture/Baseline/fracture/116-rotated3-rotated1.jpg,fracture,140.90645109395112,0.15795129110437162,0.48234282453858257,0.9631289489103674,4.702582046332046,165.08175131699684,50.85072544642857,150528,43.71917917963259,1464,False
./pages/models/Bone Fracture/Baseline/fracture/116-rotated3-rotated2-rotated2.jpg,fracture,115.23821589446588,0.15838859801427857,0.4852646450079766,0.9695929813934201,4.368203024453023,87.64024232874708,50.85064572704081,150528,43.53941775013231,1413,False
./pages/models/Bone Fracture/Baseline/fracture/116-rotated3-rotated2.jpg,fracture,138.60597651222648,0.15036653254575613,0.48338016870954315,0.9634258748152968,4.530847812097811,166.87381164315642,51.04428411989796,150528,43.57931207970354,1572,False
./pages/models/Bone Fracture/Baseline/fracture/116-rotated3-rotated3-rotated3.jpg,fracture,115.48598375160877,0.1589081180545854,0.49745114923574646,0.9696007362835811,4.142434845559846,97.9546872428535,50.68682238520408,150528,43.6348819666775,1431,False
./pages/models/Bone Fracture/Baseline/fracture/116-rotated3-rotated3.jpg,fracture,161.95485440797938,0.17750125649283352,0.4668536816440235,0.9583867391335853,5.469695141570141,165.4662220218886,50.35311702806123,150528,44.13329714379904,1452,False
./pages/models/Bone Fracture/Baseline/fracture/116-rotated3.jpg,fracture,156.89340009652508,0.1553919152877709,0.5085045844064074,0.9562042671185615,4.189732142857142,259.62523732151607,52.89321588010204,150528,42.3629933236305,1872,False
./pages/models/Bone Fracture/Baseline/fracture/116.jpg,fracture,40.15321259668657,0.3013613886609456,0.6443085608852737,0.9887593547276051,1.8675588230655362,93.93600909172743,53.63576210730039,5332320,42.26364381314001,71514,True
./pages/models/Bone Fracture/Baseline/fracture/117-rotated1-rotated1-rotated2.jpg,fracture,69.98369128056628,0.3813245273801479,0.7210056372407405,0.9775040141350576,2.1618203024453027,62.81501204050963,31.513911033163264,150528,39.35011166018949,4062,True
./pages/models/Bone Fracture/Baseline/fracture/117-rotated1-rotated1-rotated3.jpg,fracture,79.75699806949805,0.3746383622665369,0.6831396868260279,0.974389530007378,2.665701415701415,58.77109878711629,31.401506696428573,150528,39.37079748742959,4086,True
./pages/models/Bone Fracture/Baseline/fracture/117-rotated1-rotated1.jpg,fracture,83.2341537966538,0.4366236461034068,0.7364339389910488,0.9728332228996976,2.2000884813384807,90.74889396816828,32.095782844387756,150528,39.05093544825739,4110,True
./pages/models/Bone Fracture/Baseline/fracture/117-rotated1-rotated2-rotated1.jpg,fracture,69.46609555984556,0.4071584831512832,0.7221847329467252,0.977477405340836,2.160432754182754,56.64941149341817,31.688376913265305,150528,39.18084253794112,4071,True
./pages/models/Bone Fracture/Baseline/fracture/117-rotated1-rotated2-rotated3.jpg,fracture,69.70266248391248,0.3799165806568552,0.7117008158597372,0.9775711435983575,2.2493967181467176,58.755802985480905,31.484952965561224,150528,39.32763658082168,4080,True
./pages/models/Bone Fracture/Baseline/fracture/117-rotated1-rotated2.jpg,fracture,88.57951254826257,0.4382571815525857,0.7205788337929374,0.9711102440305588,2.400176962676963,93.33454699756601,32.110630580357146,150528,39.065036369096376,4194,True
./pages/models/Bone Fracture/Baseline/fracture/117-rotated1-rotated3-rotated1.jpg,fracture,70.3664132882883,0.3704076068834609,0.7064605320262584,0.9772485360846308,2.200068371943372,59.620208876473576,31.590043048469386,150528,39.25333872569591,4041,True
./pages/models/Bone Fracture/Baseline/fracture/117-rotated1-rotated3-rotated2.jpg,fracture,71.15074002574003,0.37400366953829073,0.7072821925057562,0.9770143661759955,2.2388593951093956,62.0229027206726,31.590262276785715,150528,39.26922168069561,4077,True
./pages/models/Bone Fracture/Baseline/fracture/117-rotated1-rotated3-rotated3.jpg,fracture,79.67177445302445,0.33818467703570343,0.6588022710332936,0.9749057055123507,2.9033944658944653,65.95621007445057,30.837790975765305,150528,39.749023495887165,3951,True
./pages/models/Bone Fracture/Baseline/fracture/117-rotated1-rotated3.jpg,fracture,92.07870817245818,0.4078985822688219,0.7003716591187599,0.9702848220633757,2.6095962033462037,94.24252770553773,31.78481744260204,150528,39.27218153534124,4170,True
./pages/models/Bone Fracture/Baseline/fracture/117-rotated1.jpg,fracture,107.98145913770914,0.47062899638783684,0.7379674182785063,0.9648762327399545,2.4541103603603602,195.63878565815676,32.32011320153061,150528,39.11551462234466,4242,True
./pages/models/Bone Fracture/Baseline/fracture/117-rotated2-rotated1-rotated1.jpg,fracture,90.67396637709138,0.35143637151040413,0.660685710881135,0.9711626115857702,3.0311494530244527,66.16890326026876,31.125817123724488,150528,39.55963269738665,3993,True
./pages/models/Bone Fracture/Baseline/fracture/117-rotated2-rotated1-rotated2.jpg,fracture,99.62244610682112,0.3750844773347643,0.6745776745229203,0.96818300101154,2.8901423745173753,107.95222091793963,31.492227359693878,150528,39.47606153310059,4131,True
./pages/models/Bone Fracture/Baseline/fracture/117-rotated2-rotated1-rotated3.jpg,fracture,86.3564189189189,0.3626920199697483,0.6676377118333268,0.9723686888413139,2.864985521235521,68.1927444600205,31.311423788265305,150528,39.439960912993946,4044,True
./pages/models/Bone Fracture/Baseline/fracture/117-rotated2-rotated1.jpg,fracture,117.16429375804377,0.4079021758045249,0.6978230423341079,0.962613296728797,2.8317245817245817,213.5973269483637,31.807397959183675,150528,39.49259920160702,4053,True
./pages/models/Bone Fracture/Baseline/fracture/117-rotated2-rotated2-rotated1.jpg,fracture,88.05447635135135,0.3373720150169586,0.6608078668412785,0.9718538862863304,2.9063505469755464,74.04681154987506,31.275888871173468,150528,39.465750182496755,4044,True
./pages/models/Bone Fracture/Baseline/fracture/117-rotated2-rotated2-rotated2.jpg,fracture,105.60690154440152,0.36595862448281274,0.6661747613614942,0.9665173007402672,3.0857866795366795,121.14976772791344,31.275629783163264,150528,39.61926281659966,3999,True
./pages/models/Bone Fracture/Baseline/fracture/117-rotated2-rotated2.jpg,fracture,117.16429375804377,0.4079021758045249,0.6978230423341079,0.962613296728797,2.8317245817245817,213.5973269483637,31.807397959183675,150528,39.49259920160702,4053,True
./pages/models/Bone Fracture/Baseline/fracture/117-rotated2-rotated3-rotated1.jpg,fracture,81.61850466537967,0.33590850576309916,0.6592795646202069,0.9743622780306522,2.900156853281853,70.2518089001301,30.773816167091837,150528,39.80628316437307,3900,True
./pages/models/Bone Fracture/Baseline/fracture/117-rotated2-rotated3-rotated3.jpg,fracture,90.14406370656371,0.3248499797798486,0.6399013276017141,0.9717975365317806,3.299187580437581,68.78805970172493,30.616589604591837,150528,39.88793392263696,3891,True
./pages/models/Bone Fracture/Baseline/fracture/117-rotated2-rotated3.jpg,fracture,110.558638996139,0.34786296344453216,0.6546188381319338,0.9652213670386146,3.3336953024453027,117.7146557983087,31.054288903061224,150528,39.77521294114557,4011,True
./pages/models/Bone Fracture/Baseline/fracture/117-rotated3-rotated1.jpg,fracture,94.11550836550836,0.349201947675053,0.6707941850193428,0.9704114118633811,2.8492197554697563,116.49591061911053,31.038942920918366,150528,39.78614305558816,4020,True
./pages/models/Bone Fracture/Baseline/fracture/117-rotated3-rotated2-rotated3.jpg,fracture,71.65970881595881,0.37743720825627114,0.7180441684017156,0.9770360105534858,2.175916988416988,63.045912647684226,31.387615593112244,150528,39.41032749308784,4044,True
./pages/models/Bone Fracture/Baseline/fracture/117-rotated3-rotated3-rotated2.jpg,fracture,74.3491192084942,0.34547717990274757,0.6831556041894185,0.9764804727658535,2.4785432754182755,65.2777365510139,30.980209661989797,150528,39.66427574244712,4047,True
./pages/models/Bone Fracture/Baseline/fracture/117-rotated3-rotated3-rotated3.jpg,fracture,83.83689269626768,0.32755951877602685,0.6532434319073341,0.9737501366448165,3.000864703989703,72.9494125178733,30.658242984693878,150528,39.869269176337355,3894,True
./pages/models/Bone Fracture/Baseline/fracture/117-rotated3.jpg,fracture,127.51287001287001,0.37057557705828026,0.671428983014425,0.9598983401768029,3.262146074646075,206.11530963146203,31.343152104591837,150528,39.77833631113276,4068,True
./pages/models/Bone Fracture/Baseline/fracture/117.jpg,fracture,27.355025496924505,0.5741517603390751,0.8200942690575527,0.9911884378244719,0.9992180680905786,64.7448609093834,32.67370796405704,6871887,39.382708324024414,195039,True
./pages/models/Bone Fracture/Baseline/fracture/118-rotated1-rotated1-rotated1.jpg,fracture,44.387226512226505,0.21500374534071218,0.695177896970977,0.9859594210494724,1.6259250321750323,64.77162080802107,51.11419802295919,150528,39.77523036013567,3,False
./pages/models/Bone Fracture/Baseline/fracture/118-rotated1-rotated1-rotated2.jpg,fracture,46.051741473616474,0.22053648924456487,0.7020258404113896,0.9855121173331359,1.5898688867438868,60.49727021947794,50.98875956632653,150528,39.89070828788044,3,False
./pages/models/Bone Fracture/Baseline/fracture/118-rotated1-rotated1-rotated3.jpg,fracture,48.05650740025741,0.18998962576316425,0.6314330000885126,0.9856686832250579,2.10674066924067,52.06377151875335,48.97397161989796,150528,40.99139183461249,3,False
./pages/models/Bone Fracture/Baseline/fracture/118-rotated1-rotated1.jpg,fracture,60.25496702059202,0.18649245023106986,0.5907825799498475,0.9825862493847664,2.516710907335907,49.464458873896525,48.863978794642854,150528,41.59563774467257,0,False
./pages/models/Bone Fracture/Baseline/fracture/118-rotated1-rotated2-rotated2.jpg,fracture,33.856700450450454,0.18574403790646304,0.6979186492445514,0.9900153316467523,1.586912805662806,50.04709718625578,49.26010443239796,150528,41.2095402944192,0,False
./pages/models/Bone Fracture/Baseline/fracture/118-rotated1-rotated3-rotated2.jpg,fracture,47.52805260617761,0.2084417813179903,0.6906176658660163,0.985260182328801,1.6483872265122268,52.13450080302793,50.521703603316325,150528,40.18813139361216,6,False
./pages/models/Bone Fracture/Baseline/fracture/118-rotated1-rotated3-rotated3.jpg,fracture,50.95799147361646,0.19090733375350827,0.5780903571204259,0.9853863410504319,2.5882199163449155,49.20716013902428,48.19062898596939,150528,41.774263358155025,3,False
./pages/models/Bone Fracture/Baseline/fracture/118-rotated1-rotated3.jpg,fracture,31.2763433075933,0.19507178765810948,0.6807250880207399,0.9907412476701573,1.5868725868725866,40.10720406984697,48.843092315051024,150528,41.14941588080833,0,False
./pages/models/Bone Fracture/Baseline/fracture/118-rotated2-rotated1-rotated1.jpg,fracture,46.32955276705277,0.2074901687850475,0.6787865522624565,0.9857250366936902,1.76029601029601,58.88463303050812,50.4289700255102,150528,40.31953863197439,12,False
./pages/models/Bone Fracture/Baseline/fracture/118-rotated2-rotated1-rotated2.jpg,fracture,56.90745656370655,0.18624043320369962,0.6044839138676191,0.9833746486140064,2.3302364864864864,48.103964532330245,49.11641023596939,150528,41.3710897232334,0,False
./pages/models/Bone Fracture/Baseline/fracture/118-rotated2-rotated2.jpg,fracture,63.80701013513514,0.18336259443842798,0.6106943605360513,0.981169303923006,2.476210585585586,93.23332859247438,48.886997767857146,150528,41.190488649403676,15,False
./pages/models/Bone Fracture/Baseline/fracture/118-rotated2-rotated3-rotated1.jpg,fracture,52.35812821750323,0.17837015268349357,0.604336611843829,0.9847968386066203,2.2640564671814674,40.24650932639303,48.972636320153065,150528,41.539974770568705,0,False
./pages/models/Bone Fracture/Baseline/fracture/118-rotated2.jpg,fracture,55.03444739382241,0.21740915143744463,0.6819254926689577,0.9828126039759721,1.858852155727156,169.61665729004756,50.716816804846935,150528,40.07305769671766,39,False
./pages/models/Bone Fracture/Baseline/fracture/118-rotated3-rotated1-rotated1.jpg,fracture,49.684644465894465,0.17147615144649397,0.6152228701216153,0.9852671545677079,2.2712355212355213,62.24999992214905,48.80683992346939,150528,41.12730716763322,6,False
./pages/models/Bone Fracture/Baseline/fracture/118-rotated3-rotated1-rotated2.jpg,fracture,58.98256515444015,0.18440586143238852,0.5837493401504442,0.9829058413450075,2.6443251287001286,52.085736064601065,48.19666772959184,150528,41.54698509783776,0,False
./pages/models/Bone Fracture/Baseline/fracture/118-rotated3-rotated1-rotated3.jpg,fracture,58.716135778635774,0.1897037867042101,0.5688898369654806,0.983148289489721,2.799026705276705,42.73652212960379,47.825474330357146,150528,41.74566167434223,0,False
./pages/models/Bone Fracture/Baseline/fracture/118-rotated3-rotated2-rotated2.jpg,fracture,53.58842101029601,0.1773599542969194,0.6423913892685077,0.9837407600454794,2.126467985842986,69.67477656225024,49.369260204081634,150528,40.66713972884817,9,False
./pages/models/Bone Fracture/Baseline/fracture/118-rotated3-rotated2-rotated3.jpg,fracture,45.21856901544402,0.19562260803392917,0.5867233523296008,0.987159149185664,2.3559161840411837,35.12210766150027,47.475227200255105,150528,41.95182024379367,0,False
./pages/models/Bone Fracture/Baseline/fracture/118-rotated3-rotated3-rotated2.jpg,fracture,41.07838642213642,0.18701407589879585,0.6846395899462748,0.9879088346792514,1.629786036036036,41.5633889209822,48.311503507653065,150528,41.23458934464927,0,False
./pages/models/Bone Fracture/Baseline/fracture/118-rotated3-rotated3.jpg,fracture,36.61747908622909,0.22287823937481865,0.7084573204262338,0.9882870282863073,1.558437902187902,88.48997524726992,51.394212372448976,150528,39.55409758580452,6,False
./pages/models/Bone Fracture/Baseline/fracture/118-rotated3.jpg,fracture,55.625884813384815,0.19075240415817812,0.6352960046178813,0.9834589624358561,2.106258043758044,63.596122242420336,49.63432716836735,150528,41.018229967054964,0,False
./pages/models/Bone Fracture/Baseline/fracture/119-rotated1-rotated1-rotated2.jpg,fracture,202.02700691763195,0.1566992197890372,0.5683373431324629,0.9415668139916314,3.920185810810811,171.19974320335024,57.63103874362245,150528,41.677789697904714,735,False
./pages/models/Bone Fracture/Baseline/fracture/119-rotated1-rotated1.jpg,fracture,257.04184765122267,0.13486221264484266,0.594131808648582,0.9163840827087636,3.9716256435006434,260.40710621444146,61.30853396045919,150528,39.38867255980531,801,False
./pages/models/Bone Fracture/Baseline/fracture/119-rotated1-rotated2-rotated1.jpg,fracture,210.2158542471042,0.1630744822740667,0.539371449553161,0.9415601744144889,4.449203667953667,169.98931991810701,56.83448262117347,150528,42.45972646750107,663,False
./pages/models/Bone Fracture/Baseline/fracture/119-rotated1-rotated2-rotated3.jpg,fracture,207.37526142213645,0.18112766600792407,0.5200825104261442,0.9438986753753428,4.827883687258688,178.54786665565717,55.41153140943877,150528,43.02454223131371,645,False
./pages/models/Bone Fracture/Baseline/fracture/119-rotated1-rotated2.jpg,fracture,241.73891972329477,0.13614138163976583,0.6020192857308023,0.9222926431955176,3.6233309202059205,292.68830248138795,61.25149473852041,150528,39.54673165927793,951,False
./pages/models/Bone Fracture/Baseline/fracture/119-rotated1-rotated3-rotated1.jpg,fracture,207.41163931788932,0.13585468142714807,0.5941526712262302,0.9339802453078421,3.486848455598456,194.78615430413265,60.38940927933673,150528,39.72508773941522,783,False
./pages/models/Bone Fracture/Baseline/fracture/119-rotated1-rotated3-rotated3.jpg,fracture,205.2608791827542,0.1694536837822433,0.5456972058977999,0.9430897539271196,4.269928410553411,186.04671818869454,56.359056122448976,150528,42.564881270878615,720,False
./pages/models/Bone Fracture/Baseline/fracture/119-rotated1-rotated3.jpg,fracture,250.76524292149296,0.16447122483171017,0.5420645096923656,0.9305646140318622,4.638553732303732,254.0946914084203,57.217354910714285,150528,42.550875894255086,729,False
./pages/models/Bone Fracture/Baseline/fracture/119-rotated1.jpg,fracture,304.5462717181467,0.14447153962600373,0.573918026776455,0.9070834409363712,4.217402670527671,427.2896347649641,60.37143255739796,150528,40.60021138626167,906,False
./pages/models/Bone Fracture/Baseline/fracture/119-rotated2-rotated1-rotated1.jpg,fracture,204.46967503217508,0.14853561478466631,0.5601305454679304,0.9394183016931108,3.974340411840413,165.25522907412784,58.55508609693877,150528,41.1792528126191,714,False
./pages/models/Bone Fracture/Baseline/fracture/119-rotated2-rotated1-rotated2.jpg,fracture,202.5434362934363,0.14553790265114955,0.563720227913115,0.9391255244767643,3.8820382882882876,168.40133568129409,58.96821189413265,150528,40.890833128416055,741,False
./pages/models/Bone Fracture/Baseline/fracture/119-rotated2-rotated1-rotated3.jpg,fracture,203.47727638352634,0.1685352627970966,0.5810703893037159,0.942871449635231,3.878137065637065,165.44141688698386,56.31341677295919,150528,42.27739930347187,741,False
./pages/models/Bone Fracture/Baseline/fracture/119-rotated2-rotated2-rotated2.jpg,fracture,206.24093066280562,0.1663061492181176,0.5942781432968954,0.9413870698580481,3.726693211068211,168.76231285414565,56.820292570153065,150528,42.03514453025835,747,False
./pages/models/Bone Fracture/Baseline/fracture/119-rotated2-rotated2-rotated3.jpg,fracture,227.19644868082366,0.14160385649794707,0.6114686875498843,0.9317437253890667,3.6408663127413123,200.33010510234521,58.766681281887756,150528,40.94219953205326,741,False
./pages/models/Bone Fracture/Baseline/fracture/119-rotated2-rotated3-rotated3.jpg,fracture,209.92223696911196,0.17371114096313872,0.5765270859493298,0.9414932557904394,4.008546492921493,169.50126531649408,56.1154934630102,150528,42.430665353165246,726,False
./pages/models/Bone Fracture/Baseline/fracture/119-rotated2-rotated3.jpg,fracture,252.26542390604885,0.1718681820339917,0.5819951922214818,0.9299710153159025,4.131213803088802,285.0892753362754,56.50394610969388,150528,42.518499129546406,786,False
./pages/models/Bone Fracture/Baseline/fracture/119-rotated3-rotated1-rotated1.jpg,fracture,209.47773889961388,0.15547491338473632,0.5407498147033117,0.9409241237119648,4.287463803088803,183.24574303140446,57.08743223852041,150528,42.23092800530348,732,False
./pages/models/Bone Fracture/Baseline/fracture/119-rotated3-rotated1-rotated2.jpg,fracture,209.47773889961388,0.15547491338473632,0.5407498147033117,0.9409241237119648,4.287463803088803,183.24574303140446,57.08743223852041,150528,42.23092800530348,732,False
./pages/models/Bone Fracture/Baseline/fracture/119-rotated3-rotated1-rotated3.jpg,fracture,196.88439108751612,0.17791010176530048,0.5085714288416642,0.946843894592891,4.984656531531532,163.1077698906577,54.958426339285715,150528,43.111760685291394,651,False
./pages/models/Bone Fracture/Baseline/fracture/119-rotated3-rotated1.jpg,fracture,257.37491956241956,0.16080510334091308,0.5573019514095464,0.9286324993141652,4.367961711711712,264.2880874484443,56.88319116709184,150528,42.59925206825069,777,False
./pages/models/Bone Fracture/Baseline/fracture/119-rotated3-rotated2-rotated1.jpg,fracture,200.53108912483918,0.1753016215955629,0.5248542058299164,0.9452056180448597,4.71376287001287,170.5854905238503,55.593052455357146,150528,42.858901921230014,654,False
./pages/models/Bone Fracture/Baseline/fracture/119-rotated3-rotated2-rotated3.jpg,fracture,199.26634893822393,0.165448205654872,0.5515195567573036,0.945127535034625,4.087898166023166,182.74172514153238,55.774433992346935,150528,42.72565232349927,672,False
./pages/models/Bone Fracture/Baseline/fracture/119-rotated3-rotated3-rotated2.jpg,fracture,202.112310971686,0.17279544238392922,0.5264998125555644,0.9445437751421586,4.61202944015444,175.91960201517637,55.83520009566327,150528,42.777489751226355,660,False
./pages/models/Bone Fracture/Baseline/fracture/119-rotated3-rotated3.jpg,fracture,244.75810408622905,0.17962278827325281,0.5173426962363341,0.9342794976913295,5.1040259009009,259.16135488754014,55.45545679209184,150528,43.23406296582281,678,False
./pages/models/Bone Fracture/Baseline/fracture/119-rotated3.jpg,fracture,320.8259732947233,0.14778940903771848,0.558264763003997,0.9073894787545604,4.597892535392536,452.77710120929174,59.10953443877551,150528,41.69400851389468,906,False
./pages/models/Bone Fracture/Baseline/fracture/12-rotated1-rotated1-rotated1.jpg,fracture,272.08482142857144,0.2554438227846307,0.544573210815339,0.9761150848939911,5.813022844272845,245.24152409816864,72.78336256377551,150528,75.45834425545526,0,False
./pages/models/Bone Fracture/Baseline/fracture/12-rotated1-rotated1-rotated3.jpg,fracture,263.3703547297297,0.25707056245481014,0.553587263529093,0.9770150131326707,5.627553893178892,241.16766095429546,73.84345105229592,150528,75.67993389092231,0,False
./pages/models/Bone Fracture/Baseline/fracture/12-rotated1-rotated2-rotated1.jpg,fracture,321.08242841055346,0.2438932199114124,0.5326061637300101,0.971638731986297,6.238437097812097,355.1096519838021,71.54575892857143,150528,75.17699869748242,0,False
./pages/models/Bone Fracture/Baseline/fracture/12-rotated1-rotated2-rotated2.jpg,fracture,285.6153273809524,0.25365913153451536,0.5364439293824945,0.9747656211128315,6.121279761904762,221.95800832369486,71.36908083545919,150528,75.21191839626101,0,False
./pages/models/Bone Fracture/Baseline/fracture/12-rotated1-rotated2-rotated3.jpg,fracture,359.8082971364222,0.24977529072023846,0.5060120270941886,0.9680189429280263,7.404701576576579,300.22358546481445,68.69064891581633,150528,75.00383550094716,0,False
./pages/models/Bone Fracture/Baseline/fracture/12-rotated1-rotated2.jpg,fracture,287.57722007722003,0.24927968788113522,0.5314464090413022,0.9753728475661467,5.7691039253539245,387.879945623532,75.6557318239796,150528,76.43562075190535,0,False
./pages/models/Bone Fracture/Baseline/fracture/12-rotated1-rotated3-rotated2.jpg,fracture,317.6674911518661,0.2558984003828469,0.5225109300043885,0.9717562217587445,6.635999839124839,259.721478475724,69.83990353954081,150528,74.98377520947743,0,False
./pages/models/Bone Fracture/Baseline/fracture/12-rotated1-rotated3-rotated3.jpg,fracture,279.0264438545688,0.2536449852515415,0.5390399969884325,0.9754310069206519,5.925052284427285,258.7993918990453,72.22161989795919,150528,75.3399940799219,0,False
./pages/models/Bone Fracture/Baseline/fracture/12-rotated2-rotated1-rotated2.jpg,fracture,291.49903474903476,0.23846110635956744,0.5289275664131132,0.974379059442607,5.698721042471041,293.84580758153174,71.95892458545919,150528,75.415635667601,0,False
./pages/models/Bone Fracture/Baseline/fracture/12-rotated2-rotated1-rotated3.jpg,fracture,341.8720841377091,0.2513747802981986,0.5047220455924677,0.9695037674735919,7.412544240669241,266.32111050694346,68.52140465561224,150528,74.91221970480466,0,False
./pages/models/Bone Fracture/Baseline/fracture/12-rotated2-rotated1.jpg,fracture,284.732162966538,0.2563226719151222,0.5194744001630254,0.9762142357225981,5.431768822393822,584.0367460997587,81.74200813137755,150528,77.36327086876128,0,False
./pages/models/Bone Fracture/Baseline/fracture/12-rotated2-rotated2-rotated1.jpg,fracture,321.33098053410555,0.2352062223349319,0.5216958922132305,0.971862919389298,6.131213803088803,340.3175038643948,72.71394690688776,150528,75.51831703994081,0,False
./pages/models/Bone Fracture/Baseline/fracture/12-rotated2-rotated2-rotated2.jpg,fracture,309.3051801801801,0.2492414344999241,0.5160642354473901,0.9726742915574224,6.61462355212355,244.02149865151642,70.57702885841837,150528,75.22584409925406,0,False
./pages/models/Bone Fracture/Baseline/fracture/12-rotated2-rotated2-rotated3.jpg,fracture,322.40425916988426,0.25576251112741866,0.5123677440479244,0.9713923602738197,6.958313223938225,244.38182865406563,69.51969068877551,150528,75.0738152572305,0,False
./pages/models/Bone Fracture/Baseline/fracture/12-rotated2-rotated3-rotated1.jpg,fracture,276.3787805662806,0.2513909319780856,0.5514870135873284,0.9762364881467245,5.2581241956241955,422.99449393134563,73.82987882653062,150528,76.25918336166384,0,False
./pages/models/Bone Fracture/Baseline/fracture/12-rotated2-rotated3-rotated3.jpg,fracture,296.4457850707851,0.24995989000757102,0.5382420500168572,0.9740662112449973,5.757520913770914,366.06177802604225,71.81176259566327,150528,75.57895470306146,0,False
./pages/models/Bone Fracture/Baseline/fracture/12-rotated2-rotated3.jpg,fracture,289.17989864864865,0.25490110737189786,0.5554250611926708,0.975101152817995,5.559362934362935,408.0442541997068,73.89233896683673,150528,76.20229019467304,0,False
./pages/models/Bone Fracture/Baseline/fracture/12-rotated2.jpg,fracture,249.32484716859713,0.27012124497525664,0.537397263188641,0.9796215158031129,5.08144305019305,611.458393466716,86.19066884566327,150528,78.2401665013593,0,False
./pages/models/Bone Fracture/Baseline/fracture/12-rotated3-rotated2-rotated3.jpg,fracture,317.2995495495495,0.25586637506030746,0.5208752915824058,0.9718603845937238,6.734958172458172,255.79938380254504,69.85152264030613,150528,75.08888756950118,0,False
./pages/models/Bone Fracture/Baseline/fracture/12-rotated3-rotated2.jpg,fracture,303.9288328507078,0.24558075701094612,0.527526958409022,0.973681176520632,5.668134652509652,473.9398842842963,74.68504862882654,150528,76.00639771291121,0,False
./pages/models/Bone Fracture/Baseline/fracture/12-rotated3-rotated3-rotated3.jpg,fracture,372.69270833333337,0.2419428739033205,0.4960561903702098,0.9669447800231094,7.592804858429858,281.0736984731952,69.12173150510205,150528,75.04474277421309,0,False
./pages/models/Bone Fracture/Baseline/fracture/12-rotated3-rotated3.jpg,fracture,343.7081523487774,0.25872657367846985,0.5304673289367022,0.9698360178564233,6.561393983268984,393.18118128166844,71.46538185586735,150528,75.46256429685891,0,False
./pages/models/Bone Fracture/Baseline/fracture/12-rotated3.jpg,fracture,354.7653032496783,0.24950390063196265,0.5293154869133103,0.9697630457715464,6.257460585585587,634.2972813693248,74.89584661989795,150528,76.6240773946151,0,False
./pages/models/Bone Fracture/Baseline/fracture/12.jpg,fracture,30.03545802716545,0.2841939098094864,0.6373218900004223,0.9975889777150494,1.6758597194388778,202.65453065316572,87.04170939029818,13482000,78.92567257117199,0,False
./pages/models/Bone Fracture/Baseline/fracture/120-rotated1-rotated1-rotated1.jpg,fracture,107.68597168597171,0.15356866795493485,0.5095450402991479,0.9822214586409976,4.074485199485199,104.13691826097073,63.30054209183673,150528,55.01774191773545,0,False
./pages/models/Bone Fracture/Baseline/fracture/120-rotated1-rotated1-rotated2.jpg,fracture,109.03444739382238,0.15627218216806749,0.5098376956918208,0.9820668975021076,4.119550353925354,103.08976525080696,63.21249202806123,150528,55.11888900028061,3,False
./pages/models/Bone Fracture/Baseline/fracture/120-rotated1-rotated1.jpg,fracture,122.5846203346203,0.14803473673279463,0.5032805652897273,0.9794651713428961,4.375482625482625,151.55358005731816,64.18299585459184,150528,54.61673915742931,21,False
./pages/models/Bone Fracture/Baseline/fracture/120-rotated1-rotated2-rotated2.jpg,fracture,98.96024372586872,0.13934901288033746,0.5177501967365701,0.9831453167879114,3.7439872908622904,110.40834537936666,64.18480947066327,150528,54.250996898642725,0,False
./pages/models/Bone Fracture/Baseline/fracture/120-rotated1-rotated2-rotated3.jpg,fracture,132.90980936293434,0.17884663030221587,0.47984787775486865,0.9789839549681726,5.195966055341056,111.81214344258214,61.71259167729592,150528,56.20533414496904,0,False
./pages/models/Bone Fracture/Baseline/fracture/120-rotated1-rotated2.jpg,fracture,130.49732545045046,0.155056988677047,0.4965136610345119,0.9784938578663591,4.593850546975547,141.49798583984375,63.69387755102041,150528,55.058085116995414,18,False
./pages/models/Bone Fracture/Baseline/fracture/120-rotated1-rotated3-rotated3.jpg,fracture,81.16857705920205,0.14886283133333653,0.5228158195069291,0.9862834052955634,3.502352799227799,97.18399413751095,64.01271524234694,150528,54.404723704926084,3,False
./pages/models/Bone Fracture/Baseline/fracture/120-rotated1-rotated3.jpg,fracture,147.81805019305023,0.1686712943034348,0.48167168095175217,0.9764038846927185,5.208775740025741,149.5127277553007,62.55889269770408,150528,55.938835345636015,15,False
./pages/models/Bone Fracture/Baseline/fracture/120-rotated1.jpg,fracture,115.45264237451737,0.14690309666669593,0.5142478627891197,0.9783972863086049,4.308176480051479,434.0121292883234,68.07684948979592,150528,51.63698617856098,156,False
./pages/models/Bone Fracture/Baseline/fracture/120-rotated2-rotated1-rotated1.jpg,fracture,98.56736647361646,0.14861339997967132,0.5060192377677291,0.9834941568098085,3.9965814028314024,97.55908558379606,63.77162388392857,150528,54.640095715064355,0,False
./pages/models/Bone Fracture/Baseline/fracture/120-rotated2-rotated1-rotated2.jpg,fracture,87.1438425032175,0.1422212363501042,0.5299512226029609,0.9849917564474571,3.4573077541827537,105.6371590079292,64.61712771045919,150528,53.89064152919804,6,False
./pages/models/Bone Fracture/Baseline/fracture/120-rotated2-rotated1-rotated3.jpg,fracture,126.72522522522523,0.17683194731382745,0.4890637971551914,0.9797871427879928,4.936052123552123,111.10933966797523,62.09817442602041,150528,55.96347133817112,0,False
./pages/models/Bone Fracture/Baseline/fracture/120-rotated2-rotated2-rotated2.jpg,fracture,97.34133687258688,0.1463102431698128,0.5051995929448131,0.9836976872498723,3.998833655083655,98.18685315540064,63.783522002551024,150528,54.633756138392826,0,False
./pages/models/Bone Fracture/Baseline/fracture/120-rotated2-rotated2-rotated3.jpg,fracture,132.02849501287,0.17656040546218663,0.4771099067528787,0.9791043346646433,5.229387870012869,115.47312294905605,61.72919323979592,150528,56.18534980153703,0,False
./pages/models/Bone Fracture/Baseline/fracture/120-rotated2-rotated3.jpg,fracture,106.85334218146716,0.14470234116037922,0.4977718529882805,0.9820100879019797,4.178390444015444,143.78343233690813,64.11798469387755,150528,54.49196082776208,12,False
./pages/models/Bone Fracture/Baseline/fracture/120-rotated2.jpg,fracture,104.04814189189187,0.14367976627201653,0.5187397919673465,0.9807591507563913,3.929697554697555,225.05789508327055,67.32429846938776,150528,52.01258705236939,66,False
./pages/models/Bone Fracture/Baseline/fracture/120-rotated3-rotated1-rotated1.jpg,fracture,108.85919401544399,0.1518957425730813,0.5030635628033259,0.9819083317789782,4.229649292149292,96.37364599020566,63.78748804209184,150528,54.82842647158629,3,False
./pages/models/Bone Fracture/Baseline/fracture/120-rotated3-rotated1-rotated2.jpg,fracture,74.94190395752895,0.13541212823997387,0.5207640639825254,0.9867852679737849,3.3741352960102953,97.2364517201587,65.56052694515306,150528,53.26952545825412,9,False
./pages/models/Bone Fracture/Baseline/fracture/120.jpg,fracture,25.2629994201032,0.14892168823150154,0.5804710228933853,0.9952697280029894,2.228153148823627,74.02909329983714,68.14291382285337,14993952,51.671668350020994,16776,True
./pages/models/Bone Fracture/Baseline/fracture/13-rotated1-rotated1-rotated2.jpg,fracture,63.84718870656371,0.1315629677048826,0.6247769687535122,0.982919199909484,2.414716055341056,159.20253510218964,60.87543845663265,150528,43.34095438377429,54,False
./pages/models/Bone Fracture/Baseline/fracture/13-rotated1-rotated1-rotated3.jpg,fracture,60.261844433719446,0.12354374353505074,0.6099958739310597,0.9830394771955325,2.5423704954954958,156.71310842618104,62.48256138392857,150528,42.26604525405268,45,False
./pages/models/Bone Fracture/Baseline/fracture/13-rotated1-rotated1.jpg,fracture,81.04438143500643,0.11891061629447087,0.5933375351675365,0.9747545788242432,2.745153635778636,180.63065152523762,64.82926100127551,150528,40.16505583166661,93,False
./pages/models/Bone Fracture/Baseline/fracture/13-rotated1-rotated2-rotated1.jpg,fracture,60.38318452380952,0.12262014869055134,0.6199805058355875,0.9828888949003889,2.379685489060489,136.44849295300378,62.2209622130102,150528,42.12181564410274,30,False
./pages/models/Bone Fracture/Baseline/fracture/13-rotated1-rotated2-rotated2.jpg,fracture,71.69083815958815,0.11790945033165619,0.600626257844979,0.978249997495632,2.6209781209781213,171.01282338488352,64.18054448341837,150528,40.71595818334282,75,False
./pages/models/Bone Fracture/Baseline/fracture/13-rotated1-rotated2-rotated3.jpg,fracture,144.86410070785075,0.1518348648471828,0.5494588060176184,0.9646749849924526,4.721484877734877,172.7888574056057,59.26293447066327,150528,45.296665975894285,27,False
./pages/models/Bone Fracture/Baseline/fracture/13-rotated1-rotated2.jpg,fracture,120.82307754182754,0.12202988726147959,0.5961584275683138,0.9627203461543306,3.2137628700128698,307.4276349227759,64.91183035714286,150528,40.37421364264619,144,False
./pages/models/Bone Fracture/Baseline/fracture/13-rotated1-rotated3-rotated1.jpg,fracture,86.74499276061778,0.1420453503810084,0.5902538824969087,0.9778159899809435,3.0482022200772203,209.8273495265416,59.36021205357143,150528,44.357562399021596,36,False
./pages/models/Bone Fracture/Baseline/fracture/13-rotated1-rotated3-rotated2.jpg,fracture,131.0847007722008,0.1655151313029176,0.5702347730934151,0.9685153629235975,4.120535714285714,184.87327300345387,57.790158641581634,150528,45.654304953997645,18,False
./pages/models/Bone Fracture/Baseline/fracture/13-rotated1-rotated3-rotated3.jpg,fracture,99.4362532175032,0.15426780939441034,0.602082039294546,0.9751006703429443,3.096484877734878,190.8751475287695,58.93016581632653,150528,44.717127349779325,21,False
./pages/models/Bone Fracture/Baseline/fracture/13-rotated2-rotated1-rotated2.jpg,fracture,106.76616795366797,0.1283545821028671,0.5511008646057856,0.9720513216026059,3.923906048906049,117.37108806687961,60.76191804846939,150528,43.82021239894253,0,False
./pages/models/Bone Fracture/Baseline/fracture/13-rotated2-rotated1-rotated3.jpg,fracture,47.94413610038612,0.13917767996614838,0.6077056336120628,0.9875900482744958,2.4760296010296017,87.12796734154895,60.49236686862245,150528,44.04918317104559,3,False
./pages/models/Bone Fracture/Baseline/fracture/13-rotated2-rotated2-rotated1.jpg,fracture,100.0886623230373,0.13933840429589325,0.5540055890430425,0.9749891217339838,3.7639358108108096,108.7187066445595,59.56967474489796,150528,44.833586413369005,3,False
./pages/models/Bone Fracture/Baseline/fracture/13-rotated2-rotated2-rotated2.jpg,fracture,123.12976592664091,0.15587456308171155,0.5478111488928492,0.9702382976636089,4.607967342342342,99.68355055860258,58.77325813137755,150528,45.51501660159684,0,False
./pages/models/Bone Fracture/Baseline/fracture/13-rotated2-rotated2-rotated3.jpg,fracture,130.09163851351354,0.1639860767896497,0.542110885254786,0.9691757996070695,4.8611044079794095,100.85241899367223,58.15001195790816,150528,45.967013777578,3,False
./pages/models/Bone Fracture/Baseline/fracture/13-rotated2-rotated2.jpg,fracture,95.66702863577862,0.11864912746734374,0.5939641595385677,0.9705802505146617,2.8685649935649935,218.30773444972098,64.30919164540816,150528,40.399472901641815,123,False
./pages/models/Bone Fracture/Baseline/fracture/13-rotated2-rotated3-rotated2.jpg,fracture,76.74219755469755,0.13157900386350896,0.6169462552566012,0.9797045616089105,2.6386341698841695,143.94260416980188,60.34588249362245,150528,43.61285359925143,6,False
./pages/models/Bone Fracture/Baseline/fracture/13-rotated2-rotated3-rotated3.jpg,fracture,89.90584781209782,0.12874814035184518,0.593168590969829,0.976238377968785,2.9542712355212353,135.1331507922311,60.34321189413265,150528,43.62625049099594,12,False
./pages/models/Bone Fracture/Baseline/fracture/13-rotated2.jpg,fracture,94.98731097168597,0.14023974458196534,0.6089429164177061,0.9750467886736622,2.8979850386100385,294.96157456199006,60.28079161352041,150528,43.73573221406775,120,False
./pages/models/Bone Fracture/Baseline/fracture/13-rotated3-rotated1-rotated1.jpg,fracture,106.91481660231659,0.12367049266229918,0.5806462187305996,0.9702959626224422,3.5186212998712993,160.6843952256806,62.37641501913265,150528,42.472020926416164,33,False
./pages/models/Bone Fracture/Baseline/fracture/13-rotated3-rotated1-rotated2.jpg,fracture,64.18762065637064,0.12091808374826754,0.6144608954666751,0.9812280276115201,2.4856016731016735,169.3874588453586,63.16619499362245,150528,41.46993228112859,51,False
./pages/models/Bone Fracture/Baseline/fracture/13-rotated3-rotated1-rotated3.jpg,fracture,69.15864301801801,0.14347015068685084,0.606874957967293,0.9821547617848763,2.662664897039896,159.5692259670545,59.659837372448976,150528,44.12821352377731,36,False
./pages/models/Bone Fracture/Baseline/fracture/13-rotated3-rotated2-rotated1.jpg,fracture,114.38491393178893,0.12635914634995457,0.5641262303646544,0.9693553226020017,3.8100667631917626,150.3129497907004,61.536750637755105,150528,43.23950485160004,12,False
./pages/models/Bone Fracture/Baseline/fracture/13-rotated3-rotated2-rotated2.jpg,fracture,139.28054617117118,0.14813537896128465,0.5501090162226278,0.9656302640128948,4.561072232947232,166.65172244210586,59.58037707270408,150528,45.04094381652461,24,False
./pages/models/Bone Fracture/Baseline/fracture/13-rotated3-rotated2-rotated3.jpg,fracture,155.16214205276705,0.1677538570503582,0.5430828286362194,0.9632706165450361,5.098757239382239,167.0661752769124,58.306720344387756,150528,45.97351938336441,18,False
./pages/models/Bone Fracture/Baseline/fracture/13-rotated3-rotated2.jpg,fracture,107.24030727155724,0.13102603035598304,0.5925107815381524,0.9710992119895944,3.350466537966537,179.87477426397854,61.14716198979592,150528,43.11873691854621,42,False
./pages/models/Bone Fracture/Baseline/fracture/13-rotated3-rotated3-rotated2.jpg,fracture,96.54401946589451,0.15537482586376888,0.583764279743532,0.9760947057182718,3.461731821106822,181.47921692555468,58.724728954081634,150528,44.992157576510415,12,False
./pages/models/Bone Fracture/Baseline/fracture/13-rotated3-rotated3-rotated3.jpg,fracture,96.54401946589451,0.15537482586376888,0.583764279743532,0.9760947057182718,3.461731821106822,181.47921692555468,58.724728954081634,150528,44.992157576510415,12,False
./pages/models/Bone Fracture/Baseline/fracture/13-rotated3-rotated3.jpg,fracture,122.64229407979406,0.14637936249914726,0.5791490284625599,0.9687885156716776,3.8689269626769627,184.58739755829887,59.80584343112245,150528,44.349495160107,21,False
./pages/models/Bone Fracture/Baseline/fracture/13.jpg,fracture,54.66790944736755,0.12833281511778735,0.6542555222823562,0.9831372308150814,1.7396293441469224,167.49493979235325,65.9598022097119,3587436,40.264909889008344,10239,True
./pages/models/Bone Fracture/Baseline/fracture/14-rotated1-rotated1-rotated1.jpg,fracture,148.57114703989703,0.1695124642534296,0.5267011203342622,0.9790005376812285,4.406209781209782,183.0789920337396,68.90158641581633,150528,59.52250843636602,0,False
./pages/models/Bone Fracture/Baseline/fracture/14-rotated1-rotated1-rotated2.jpg,fracture,146.40035794723292,0.1659511398394082,0.5249504566853965,0.9793082033398031,4.3840291184041185,191.98850545442286,68.8895487882653,150528,59.52978948597175,0,False
./pages/models/Bone Fracture/Baseline/fracture/14-rotated1-rotated1-rotated3.jpg,fracture,161.44307030244534,0.17323029752599156,0.5416316058089681,0.9776055857577808,4.441823519948521,162.56857475167962,68.3599928252551,150528,60.00079560245218,0,False
./pages/models/Bone Fracture/Baseline/fracture/14-rotated1-rotated1.jpg,fracture,159.155143983269,0.1761312856955645,0.5371428939111743,0.9778462064765214,4.489040379665379,277.4244403858971,68.14604591836735,150528,59.93071603244163,0,False
./pages/models/Bone Fracture/Baseline/fracture/14-rotated1-rotated2-rotated3.jpg,fracture,132.3974823037323,0.17891672439195816,0.5276839587568656,0.9824316199094532,4.685851029601029,135.4587056586167,66.0569993622449,150528,61.39330918288039,0,False
./pages/models/Bone Fracture/Baseline/fracture/14-rotated1-rotated2.jpg,fracture,176.3089004182754,0.18056457498177828,0.5462678373687959,0.9760905131957629,4.565536518661519,267.5107489617255,67.17504384566327,150528,60.681114492474336,0,False
./pages/models/Bone Fracture/Baseline/fracture/14-rotated1-rotated3-rotated3.jpg,fracture,155.71975546975543,0.1620362556270334,0.5192344492491159,0.978943705756666,4.56479247104247,169.76273477658387,67.45196906887755,150528,60.82873080624849,0,False
./pages/models/Bone Fracture/Baseline/fracture/14-rotated1-rotated3.jpg,fracture,236.6223455598455,0.18678377097620436,0.5055680678099306,0.9693738118747973,6.209539897039895,277.30688978899826,65.42673788265306,150528,62.10651336920306,0,False
./pages/models/Bone Fracture/Baseline/fracture/14-rotated1.jpg,fracture,240.68922940797944,0.1728057936675731,0.5244372344021849,0.9673878367347363,5.428450772200772,483.89433426124157,68.16073421556122,150528,60.703884790334655,3,False
./pages/models/Bone Fracture/Baseline/fracture/14-rotated2-rotated1-rotated1.jpg,fracture,151.9720881595882,0.17022522724258835,0.5394880656814145,0.9787862981390972,4.403877091377091,146.83349822869357,68.57942044005102,150528,59.81164457395525,0,False
./pages/models/Bone Fracture/Baseline/fracture/14-rotated2-rotated1-rotated2.jpg,fracture,142.00345881595882,0.16420026336659282,0.5258304196690088,0.9797981446525137,4.375080437580438,178.0151653869705,69.19776387117346,150528,59.31916927144694,0,False
./pages/models/Bone Fracture/Baseline/fracture/14-rotated2-rotated1.jpg,fracture,209.70010859073358,0.18169473134782532,0.5152723232916392,0.9722572038990245,5.655385296010296,260.66141731448096,66.27505181760205,150528,61.44089710519164,0,False
./pages/models/Bone Fracture/Baseline/fracture/14-rotated2-rotated2.jpg,fracture,150.38133445945945,0.16894462526846557,0.513054484624264,0.9795673596553542,4.867700289575289,236.2589190732137,67.0200494260204,150528,60.76400042962809,0,False
./pages/models/Bone Fracture/Baseline/fracture/14.jpg,fracture,96.23662244618126,0.20810128732546182,0.6067621380060512,0.9863181962159341,2.9811034553681615,244.99194065825193,71.28981762472328,2455596,59.2985228825608,1200,False
./pages/models/Bone Fracture/Baseline/fracture/99-rotated1-rotated3-rotated1.jpg,fracture,257.641550032175,0.18703431915857344,0.5833228749116317,0.9698260306529669,4.770974099099098,135.44755008249473,53.91946348852041,150528,65.21249538400083,51,False
./pages/models/Bone Fracture/Baseline/fracture/99-rotated1-rotated3-rotated3.jpg,fracture,235.23375160875156,0.18924236164079916,0.6356308332672908,0.9724250416893846,3.5378458815958806,134.6238689553683,53.84042171556123,150528,65.22238058903541,27,False
./pages/models/Bone Fracture/Baseline/fracture/99-rotated1-rotated3.jpg,fracture,288.94483992921494,0.19683937774776566,0.5810124807692365,0.9665338556747549,5.361104407979407,222.57687968325982,53.73419563137755,150528,65.56062713260938,96,False
./pages/models/Bone Fracture/Baseline/fracture/99-rotated2-rotated1-rotated1.jpg,fracture,226.58415781853276,0.17480877867709763,0.6441472159043024,0.9722702326997067,3.439289736164735,141.63957282991424,55.835319674744895,150528,63.878183742405234,72,False
./pages/models/Bone Fracture/Baseline/fracture/99-rotated2-rotated1-rotated2.jpg,fracture,276.73739140926637,0.18399913067159343,0.6449195244978075,0.9664481008685816,3.675655566280566,202.15516021955713,55.83011798469388,150528,64.09710705458313,66,False
./pages/models/Bone Fracture/Baseline/fracture/99-rotated2-rotated1-rotated3.jpg,fracture,254.85859073359075,0.1917623229408812,0.6246967087618487,0.9699396352893432,4.0310891248391245,136.9423565111871,54.14686304209184,150528,64.98068798642771,48,False
./pages/models/Bone Fracture/Baseline/fracture/99-rotated2-rotated1.jpg,fracture,280.7080518018018,0.18268291415483517,0.6429251116514837,0.966065571678078,3.732585263835264,206.87738838974306,55.6901705994898,150528,64.18390583455329,108,False
./pages/models/Bone Fracture/Baseline/fracture/99-rotated2-rotated2-rotated1.jpg,fracture,223.07790379665374,0.17634721096320816,0.6580233946192678,0.9725751087968971,3.307271557271557,161.53647161989795,55.93399234693877,150528,63.765001327258254,84,False
./pages/models/Bone Fracture/Baseline/fracture/99-rotated2-rotated2-rotated2.jpg,fracture,231.75426319176321,0.18205164171731017,0.6597992078182211,0.971730618482892,3.4045205920205923,128.61240573487447,55.68178013392857,150528,63.951361719703335,114,False
./pages/models/Bone Fracture/Baseline/fracture/99-rotated2-rotated2.jpg,fracture,246.81000643500647,0.18141683024119323,0.6563311515167733,0.96940647530357,3.3872667310167315,236.54548170128646,56.826929209183675,150528,63.501692767360495,177,False
./pages/models/Bone Fracture/Baseline/fracture/99-rotated2-rotated3-rotated1.jpg,fracture,259.3773326898327,0.18693712676035829,0.5848396835329559,0.9696454529260582,4.58445945945946,133.3804009313238,53.85293765943877,150528,65.24405373588618,45,False
./pages/models/Bone Fracture/Baseline/fracture/99-rotated2-rotated3-rotated2.jpg,fracture,251.8711591055341,0.19426061934595606,0.5772130245674647,0.9706349846183329,5.141348938223939,139.72252919087057,53.68461017219388,150528,65.3532752130612,51,False
./pages/models/Bone Fracture/Baseline/fracture/99-rotated3-rotated1-rotated1.jpg,fracture,241.77994288931785,0.17862417001337064,0.6313492858973723,0.970706236200863,3.729347651222651,112.9918761815393,55.43267697704081,150528,64.10282245545814,69,False
./pages/models/Bone Fracture/Baseline/fracture/99-rotated3-rotated1-rotated2.jpg,fracture,209.37260698198193,0.17799745289648794,0.6655858658394423,0.9745327850978626,3.150197072072072,128.088742047238,55.4677734375,150528,64.08581704357483,51,False
./pages/models/Bone Fracture/Baseline/fracture/99-rotated3-rotated1-rotated3.jpg,fracture,259.87206402831407,0.18545807462951405,0.6084145518381296,0.9690801663535926,4.231660231660232,134.6155474880048,54.604611766581634,150528,64.68460922457874,66,False
./pages/models/Bone Fracture/Baseline/fracture/99-rotated3-rotated2-rotated1.jpg,fracture,266.60147200772195,0.1801670620255137,0.6449892357395087,0.96800284312122,3.6253217503217496,215.6563357552207,55.15521364795919,150528,64.47203641018754,120,False
./pages/models/Bone Fracture/Baseline/fracture/99-rotated3-rotated2-rotated2.jpg,fracture,266.60147200772195,0.1801670620255137,0.6449892357395087,0.96800284312122,3.6253217503217496,215.6563357552207,55.15521364795919,150528,64.47203641018754,120,False
./pages/models/Bone Fracture/Baseline/fracture/99-rotated3-rotated2.jpg,fracture,284.4109153796654,0.18939799909338095,0.6701326532243419,0.964886154554545,3.3647844272844276,324.40551308977854,57.27562978316327,150528,63.60623922140815,141,False
./pages/models/Bone Fracture/Baseline/fracture/99-rotated3-rotated3-rotated1.jpg,fracture,235.66974340411835,0.17971894834870636,0.6294234227930717,0.9720226480292153,3.648105694980694,133.964336158136,54.33412388392857,150528,64.8526869322583,51,False
./pages/models/Bone Fracture/Baseline/fracture/99-rotated3-rotated3-rotated3.jpg,fracture,247.85308075933077,0.20100559110869987,0.5809067481431203,0.9712994394450469,5.20045045045045,140.2306917008635,53.325414540816325,150528,65.57186390947608,24,False
./pages/models/Bone Fracture/Baseline/fracture/99-rotated3.jpg,fracture,342.91282577220073,0.19261537132194523,0.5990632480546761,0.9601772881966816,4.94017454954955,453.1770905634106,54.315648915816325,150528,65.46563447735116,204,False
./pages/models/Bone Fracture/Baseline/no fracture/10-rotated1-rotated1-rotated1-rotated1.jpg,no fracture,185.09877734877733,0.20555118157874672,0.5790039376140313,0.9748485724884364,4.7964124839124835,107.1932565211654,52.92065927933673,150528,60.596593706721194,27,False
./pages/models/Bone Fracture/Baseline/no fracture/10-rotated1-rotated1-rotated2.jpg,no fracture,176.77167792792793,0.21758253391694027,0.5830407934987144,0.9760786226609145,5.061977155727155,98.01712402032346,52.75839046556123,150528,60.75517431714012,51,False
./pages/models/Bone Fracture/Baseline/no fracture/10-rotated1-rotated1-rotated3-rotated1.jpg,no fracture,163.110842985843,0.22401836953510873,0.5689315613583952,0.9778737217532602,5.159950128700129,76.72835760342981,51.272102200255105,150528,60.65853434066947,39,False
./pages/models/Bone Fracture/Baseline/no fracture/10-rotated1-rotated2-rotated1-rotated1.jpg,no fracture,147.3004946911197,0.21450809917580754,0.5803164913837816,0.9802178657932531,4.410372425997426,100.30304755672024,52.78477758290816,150528,60.9671750110899,18,False
./pages/models/Bone Fracture/Baseline/no fracture/10-rotated1-rotated2-rotated2-rotated1.jpg,no fracture,145.65226833976834,0.21819559724211443,0.5913651783649707,0.9804685387838055,4.327662483912484,70.78699573443761,53.3268893494898,150528,60.99955212583261,15,False
./pages/models/Bone Fracture/Baseline/no fracture/10-rotated1-rotated2-rotated2.jpg,no fracture,161.3658301158301,0.2162272221454463,0.5893128154969198,0.9784643410200488,4.444176319176319,101.62882073468737,54.033900669642854,150528,61.15285359661171,24,False
./pages/models/Bone Fracture/Baseline/no fracture/10-rotated1-rotated2-rotated3-rotated1.jpg,no fracture,148.37079713642217,0.21817301513849752,0.5814243961204014,0.9800669278549692,4.31187660875161,114.21050382246332,52.40389827806123,150528,60.953172794420546,24,False
./pages/models/Bone Fracture/Baseline/no fracture/10-rotated1-rotated2.jpg,no fracture,176.36100386100384,0.21267124503665133,0.5720885685563476,0.9759938728472278,4.765082046332047,187.16324298633032,53.97022480867347,150528,60.55778633838789,75,False
./pages/models/Bone Fracture/Baseline/no fracture/10-rotated1-rotated3-rotated3-rotated1.jpg,no fracture,169.57890926640928,0.2231030652792502,0.5590497224956564,0.9771569298258194,5.316562097812097,87.06811469895102,50.73026945153061,150528,60.87455957199431,54,False
./pages/models/Bone Fracture/Baseline/no fracture/10-rotated1-rotated3.jpg,no fracture,191.76906370656368,0.2212829129962862,0.5761408852419637,0.9740724223906891,4.9939671814671796,165.7307192950584,52.97632334183673,150528,60.72413094285786,90,False
./pages/models/Bone Fracture/Baseline/no fracture/10-rotated1.jpg,no fracture,210.80170125482627,0.21990744068355234,0.5825222042714743,0.9714532667568051,4.987793597168597,258.56144862272305,54.79703443877551,150528,60.70677359624419,123,False
./pages/models/Bone Fracture/Baseline/no fracture/10-rotated2-rotated1-rotated1-rotated1.jpg,no fracture,151.19596605534107,0.22038963107508186,0.587173986350958,0.9794411160769334,4.480634652509653,86.02001250083126,53.17655851403061,150528,60.56876416672405,39,False
./pages/models/Bone Fracture/Baseline/no fracture/10-rotated2-rotated1-rotated2-rotated1.jpg,no fracture,138.70585987773495,0.21661910044149374,0.5754620948779705,0.9808668824657332,4.451395592020595,136.21398400684438,56.469068877551024,150528,60.194391068415136,0,False
./pages/models/Bone Fracture/Baseline/no fracture/10-rotated2-rotated1-rotated3-rotated1.jpg,no fracture,149.7055582368082,0.2208499012631971,0.5801417113587727,0.9796616039650277,4.546814671814672,88.71718361912943,52.923130580357146,150528,60.583343323510256,45,False
./pages/models/Bone Fracture/Baseline/no fracture/10-rotated2-rotated1-rotated3.jpg,no fracture,163.7170608108108,0.22299007473378665,0.5895376352294819,0.9777976613343712,4.587194337194338,107.49494801099875,53.36924027423469,150528,60.652180040515255,39,False
./pages/models/Bone Fracture/Baseline/no fracture/10-rotated2-rotated1.jpg,no fracture,214.7684604247104,0.20348682950474595,0.5706676325380476,0.9713686428366745,5.0678490990990985,189.5170716790545,55.03792649872449,150528,61.224897049253286,42,False
./pages/models/Bone Fracture/Baseline/no fracture/10-rotated2-rotated2-rotated1-rotated1.jpg,no fracture,172.63801077863576,0.21751746475498096,0.5873558509199728,0.976897109687536,4.858329311454311,108.12504276361429,55.24818638392857,150528,61.090816473845116,15,False
./pages/models/Bone Fracture/Baseline/no fracture/10-rotated2-rotated2-rotated1.jpg,no fracture,156.54780003217502,0.22031506375537288,0.5888131785794619,0.9785526127207177,4.483128217503217,118.92380938992704,54.89217952806123,150528,60.362084191757916,48,False
./pages/models/Bone Fracture/Baseline/no fracture/10-rotated2-rotated2-rotated2-rotated1.jpg,no fracture,160.888050997426,0.21671654819730876,0.5882419240217729,0.9783785170810887,4.702722812097812,92.50945926675793,55.20770886479592,150528,60.95941607109615,12,False
./pages/models/Bone Fracture/Baseline/no fracture/10-rotated2-rotated2-rotated3-rotated1.jpg,no fracture,189.66481660231662,0.22496202528685913,0.5555182545464333,0.9744836563954278,5.491192084942085,95.96825368580149,50.79832987882653,150528,60.855915804805385,57,False
./pages/models/Bone Fracture/Baseline/no fracture/10-rotated2-rotated2-rotated3.jpg,no fracture,185.275559041184,0.22928999101754285,0.5674658593697349,0.9750485741356355,5.428993725868724,112.41632275182174,51.12143255739796,150528,60.86676446477823,84,False
./pages/models/Bone Fracture/Baseline/no fracture/10-rotated2-rotated3-rotated1-rotated1.jpg,no fracture,164.355513996139,0.21657880756089595,0.5724416650685975,0.9776344572947615,5.075912966537967,107.31177409814329,51.835578762755105,150528,60.55022172692435,39,False
./pages/models/Bone Fracture/Baseline/no fracture/10-rotated2-rotated3-rotated2-rotated1.jpg,no fracture,213.470962033462,0.2072045895930228,0.5768367787926995,0.9711705321255284,5.162363256113256,136.83023334036068,53.52291932397959,150528,60.77348244048867,51,False
./pages/models/Bone Fracture/Baseline/no fracture/10-rotated2-rotated3-rotated2.jpg,no fracture,205.1461148648649,0.21519134411614455,0.5841737065082663,0.972447634844998,5.249276061776063,179.59503012247654,53.53623246173469,150528,60.985829234130556,60,False
./pages/models/Bone Fracture/Baseline/no fracture/10-rotated2-rotated3-rotated3-rotated1.jpg,no fracture,190.29108349420855,0.20440370018171689,0.5760587987073569,0.9741770686278053,4.965552606177607,90.69192406377512,53.50049824617347,150528,60.62647766509062,9,False
./pages/models/Bone Fracture/Baseline/no fracture/10-rotated2-rotated3-rotated3.jpg,no fracture,216.2181668275418,0.20426763151683003,0.574532248817473,0.9708065036682404,5.22142454954955,133.9491540542596,53.501096141581634,150528,60.77237077406151,51,False
./pages/models/Bone Fracture/Baseline/no fracture/10-rotated2-rotated3.jpg,no fracture,191.0254786036036,0.21913557690860855,0.5888732405284872,0.9743797392318784,4.8763875482625485,194.91544512677618,54.23575015943877,150528,60.990147049638765,33,False
./pages/models/Bone Fracture/Baseline/no fracture/10-rotated3-rotated1-rotated1.jpg,no fracture,165.70191843629345,0.2135501825482623,0.5968369520877749,0.977909059616644,4.415842181467182,117.48534189627003,54.41972257653061,150528,61.1989587547483,12,False
./pages/models/Bone Fracture/Baseline/no fracture/10-rotated3-rotated1-rotated2-rotated1.jpg,no fracture,162.2493564993565,0.2240314384725997,0.5732012002139304,0.9779854181004597,5.12994691119691,76.68616992699408,51.33492107780612,150528,60.65258890108097,63,False
./pages/models/Bone Fracture/Baseline/no fracture/10-rotated3-rotated1-rotated2.jpg,no fracture,178.3144707207207,0.21958459031094416,0.5763670531489018,0.9758350209410805,5.157697876447875,109.4472216975932,52.15676817602041,150528,60.7019142564899,66,False
./pages/models/Bone Fracture/Baseline/no fracture/10-rotated3-rotated1-rotated3-rotated1.jpg,no fracture,197.06358590733595,0.2124126006419987,0.5757352501581947,0.9732000607425145,5.162604568854569,110.04489225946034,52.27034837372449,150528,60.542955102588266,63,False
./pages/models/Bone Fracture/Baseline/no fracture/10-rotated3-rotated1.jpg,no fracture,180.81513433075932,0.21574470703627505,0.5687293552422096,0.9755549154614893,4.875703828828828,158.66963266343288,52.47010522959184,150528,60.77517514593882,75,False
./pages/models/Bone Fracture/Baseline/no fracture/10-rotated3-rotated2-rotated1-rotated1.jpg,no fracture,212.04995173745175,0.20591146286086429,0.5745440696330182,0.9713972537967417,5.101069819819819,143.7354298134438,53.67358896683673,150528,60.81376042830945,27,False
./pages/models/Bone Fracture/Baseline/no fracture/10-rotated3-rotated2-rotated2-rotated1.jpg,no fracture,194.84835505148007,0.20921663328933848,0.5756909524028652,0.973497708772776,4.992097007722008,104.93577319569809,52.43506855867347,150528,60.54312672784961,36,False
./pages/models/Bone Fracture/Baseline/no fracture/10-rotated3-rotated2-rotated3.jpg,no fracture,169.65934684684686,0.21112978902413387,0.5907488846441603,0.9771287986302077,4.423021235521236,136.12136684482863,53.58514030612245,150528,60.865522686440315,36,False
./pages/models/Bone Fracture/Baseline/no fracture/10-rotated3-rotated2.jpg,no fracture,184.93659507722006,0.21225144175532568,0.590028036340268,0.9754405390412854,4.670306467181467,157.44007339064453,55.026008450255105,150528,61.33814478608752,36,False
./pages/models/Bone Fracture/Baseline/no fracture/10-rotated3-rotated3-rotated1-rotated1.jpg,no fracture,156.22633124195627,0.22004641897937718,0.5903526303891043,0.978929827024377,4.5393943050193055,100.0959662151853,53.62035634566327,150528,60.79980931040567,18,False
./pages/models/Bone Fracture/Baseline/no fracture/10-rotated3-rotated3-rotated1.jpg,no fracture,181.52099420849416,0.20442211805058083,0.574430348705359,0.9757192455687973,4.7173423423423415,137.93324385916674,54.6325534119898,150528,61.11978302984991,18,False
./pages/models/Bone Fracture/Baseline/no fracture/10-rotated3-rotated3-rotated2-rotated1.jpg,no fracture,148.10004424066926,0.21209547187387437,0.5805674317746787,0.9799241785378529,4.499135296010296,88.27354689132963,53.83155293367347,150528,60.68813779861265,18,False
./pages/models/Bone Fracture/Baseline/no fracture/10-rotated3-rotated3-rotated2.jpg,no fracture,166.4953547297297,0.2089286617597937,0.5791047877384995,0.9775485403047303,4.65321348133848,135.53356549740832,53.84357063137755,150528,60.85654964425692,36,False
./pages/models/Bone Fracture/Baseline/no fracture/10-rotated3-rotated3-rotated3-rotated1.jpg,no fracture,160.90536518661514,0.23215764737219727,0.5851354577566795,0.9782521196812697,4.923664736164735,82.7026702486838,51.317163584183675,150528,60.77966061787976,72,False
./pages/models/Bone Fracture/Baseline/no fracture/10-rotated3-rotated3-rotated3.jpg,no fracture,185.30501930501927,0.22163267830169275,0.5893192144068061,0.9753258850809831,4.896637709137709,149.91092243059532,53.03204719387755,150528,61.194236197277434,24,False
./pages/models/Bone Fracture/Baseline/no fracture/10-rotated3.jpg,no fracture,226.42485119047615,0.2225043749143351,0.5703930652344055,0.9696935990276236,5.421110842985841,299.2816688763207,52.55994897959184,150528,61.03753133160014,144,False
./pages/models/Bone Fracture/Baseline/no fracture/10.jpg,no fracture,12.839687042532145,0.2653274161205698,0.7325553677942022,0.9982582819997989,1.139350346191889,23.906796855875402,57.51492724396995,15174000,60.710909513844946,16038,True
./pages/models/Bone Fracture/Baseline/no fracture/12-rotated1-rotated1-rotated1-rotated1.jpg,no fracture,45.10070785070785,0.14388748438453425,0.6425054748630321,0.9841408262428762,2.2033462033462032,56.4171404157366,57.282445790816325,150528,37.83168607379896,12,False
./pages/models/Bone Fracture/Baseline/no fracture/12-rotated1-rotated1-rotated1.jpg,no fracture,83.87998712998713,0.1468290689046089,0.5969373897382241,0.971698151145829,3.1887065637065635,90.72516242825255,56.97271603954081,150528,38.562268890155764,33,False
./pages/models/Bone Fracture/Baseline/no fracture/12-rotated1-rotated1-rotated2.jpg,no fracture,66.87429617117118,0.15676776976697052,0.6309623137107082,0.9782128845668321,2.6148045366795376,95.02846403491343,55.56519052933673,150528,39.265398247784645,18,False
./pages/models/Bone Fracture/Baseline/no fracture/12-rotated1-rotated1.jpg,no fracture,95.92282014157016,0.14259656510863017,0.6063793648260988,0.9626024848388821,3.0473777348777347,183.99068096904443,60.55355149872449,150528,35.90554871428969,213,False
./pages/models/Bone Fracture/Baseline/no fracture/12-rotated1-rotated2-rotated1.jpg,no fracture,71.86653394465897,0.1315772005655359,0.6066738747248125,0.9748292319501749,2.739804536679537,106.63129218664332,57.03617267219388,150528,37.974445368016234,18,False
./pages/models/Bone Fracture/Baseline/no fracture/12-rotated1-rotated2-rotated2.jpg,no fracture,78.56630067567568,0.1451209061389508,0.6036873219539056,0.9727570993220869,2.8685851029601035,106.32451392113792,57.12936463647959,150528,38.04887727417548,33,False
./pages/models/Bone Fracture/Baseline/no fracture/12-rotated1-rotated2-rotated3-rotated1.jpg,no fracture,68.99897442084944,0.1387495292224699,0.5973242750726067,0.9756045941589879,2.7692044723294726,84.37701242995827,57.312420280612244,150528,37.71607352630615,9,False
./pages/models/Bone Fracture/Baseline/no fracture/12-rotated1-rotated2.jpg,no fracture,64.47104247104247,0.15114516340162884,0.6517871952846294,0.9777671440163674,2.4666586229086227,116.79519601803626,57.03485730229592,150528,38.19587445400991,69,False
./pages/models/Bone Fracture/Baseline/no fracture/12-rotated1-rotated3-rotated1-rotated1.jpg,no fracture,78.94471927284428,0.1343355961853843,0.5989701548280161,0.9700654710705453,2.8318653474903477,83.26115676732125,59.39799904336735,150528,36.40289819879295,45,False
./pages/models/Bone Fracture/Baseline/no fracture/12-rotated1-rotated3-rotated3-rotated1.jpg,no fracture,53.3167833011583,0.15507908659569214,0.6433931621045949,0.9822222279654019,2.3527388996138994,67.45832837059916,56.04737324617347,150528,38.82942978236033,3,False
./pages/models/Bone Fracture/Baseline/no fracture/12-rotated1-rotated3-rotated3.jpg,no fracture,51.056085102960104,0.13888598389851203,0.6272890729888907,0.9811516413311457,2.3185127091377096,83.69832145845032,58.654516103316325,150528,36.94579852691877,48,False
./pages/models/Bone Fracture/Baseline/no fracture/12-rotated1-rotated3.jpg,no fracture,85.21386341698842,0.16880460081764936,0.6167666926213545,0.973138946656543,3.117217664092664,135.64918416860152,55.055883290816325,150528,39.889546585574344,54,False
./pages/models/Bone Fracture/Baseline/no fracture/12-rotated1.jpg,no fracture,123.53374356499359,0.14718476691689963,0.6006909668993817,0.9551739497155224,3.473938223938225,285.31188756989616,59.42036033163265,150528,37.200781091759325,225,False
./pages/models/Bone Fracture/Baseline/no fracture/12-rotated2-rotated1-rotated2.jpg,no fracture,93.17732464607465,0.1741352723696678,0.5937486671559227,0.9716339448829048,3.527469433719434,101.44594295776571,53.88362962372449,150528,40.57080016563215,30,False
./pages/models/Bone Fracture/Baseline/no fracture/12-rotated2-rotated1-rotated3-rotated1.jpg,no fracture,64.63620093307593,0.15369877340427363,0.6061067933422202,0.979209227320751,2.706624034749035,79.84764994407185,54.955058195153065,150528,39.53135351690237,3,False
./pages/models/Bone Fracture/Baseline/no fracture/12-rotated2-rotated1-rotated3.jpg,no fracture,70.35004424066923,0.15405933653841328,0.6157593496414467,0.9774240151886227,2.7033663127413123,103.16644206875218,54.988978794642854,150528,39.61775490876973,30,False
./pages/models/Bone Fracture/Baseline/no fracture/12-rotated2-rotated1.jpg,no fracture,74.41662644787644,0.1571001495494595,0.6377380790466867,0.9749830947887462,2.6519063706563704,139.41663263679192,56.42924904336735,150528,38.66328988505517,81,False
./pages/models/Bone Fracture/Baseline/no fracture/12-rotated2-rotated2-rotated1-rotated1.jpg,no fracture,65.01337274774775,0.1601500131539059,0.6088940095140842,0.9797498432093685,2.7750764157014154,79.64665354633769,54.20170998086735,150528,40.17861296954292,3,False
./pages/models/Bone Fracture/Baseline/no fracture/12-rotated2-rotated2-rotated1.jpg,no fracture,93.89418436293437,0.15528468718571653,0.5849158084235743,0.9694751355809351,3.507480694980695,101.77093550186763,56.42612005739796,150528,39.27021866859913,33,False
./pages/models/Bone Fracture/Baseline/no fracture/12-rotated2-rotated2-rotated2.jpg,no fracture,98.75442406692406,0.18310390716275718,0.586942753116262,0.9703645473499788,3.732223294723295,101.91642604535544,53.58348612882653,150528,40.856103423528396,18,False
./pages/models/Bone Fracture/Baseline/no fracture/12-rotated2-rotated2-rotated3-rotated1.jpg,no fracture,86.62590492277992,0.18148843391904482,0.5742289116518057,0.9742296326749803,3.6774654118404113,69.00143581288698,53.08900669642857,150528,41.06728591687548,0,False
./pages/models/Bone Fracture/Baseline/no fracture/12-rotated2-rotated2-rotated3.jpg,no fracture,103.1412886100386,0.18585009397436192,0.5827387728176184,0.9694211123405936,4.0458092020592025,101.25276408380194,53.23373724489796,150528,41.102181501360185,24,False
./pages/models/Bone Fracture/Baseline/no fracture/12-rotated2-rotated2.jpg,no fracture,101.0733992921493,0.14274762795410992,0.6028272943713886,0.9637307758934174,3.206644144144145,178.1986674873196,58.676060267857146,150528,37.404629119506,138,False
./pages/models/Bone Fracture/Baseline/no fracture/12-rotated2-rotated3-rotated1-rotated1.jpg,no fracture,77.39903072715572,0.1709423808012401,0.5968617723815135,0.9761586245510925,3.260517213642214,72.70651238404528,54.05155851403061,150528,40.33836073740616,6,False
./pages/models/Bone Fracture/Baseline/no fracture/12-rotated2-rotated3-rotated2-rotated1.jpg,no fracture,67.62089768339769,0.15394384957468288,0.6065572534882379,0.9782391282822467,2.8377976190476186,73.6005747269611,54.968769929846935,150528,39.544449342755414,6,False
./pages/models/Bone Fracture/Baseline/no fracture/12-rotated2-rotated3-rotated2.jpg,no fracture,67.46919240669241,0.15443947496105154,0.6295090433718432,0.9783622605938943,2.6605534105534105,98.3842418242474,54.99956154336735,150528,39.63012383741666,21,False
./pages/models/Bone Fracture/Baseline/no fracture/12-rotated2-rotated3.jpg,no fracture,63.11291425353924,0.14675293576102275,0.6467757773794066,0.9770687518006241,2.387487934362934,138.77129259947588,58.2663424744898,150528,37.23275216805376,138,False
./pages/models/Bone Fracture/Baseline/no fracture/12-rotated3-rotated1-rotated1-rotated1.jpg,no fracture,61.003398487773495,0.14617772503044793,0.6087088625619014,0.9800084833694374,2.634511743886744,68.10135180669145,55.39042570153061,150528,39.21303838819213,3,False
./pages/models/Bone Fracture/Baseline/no fracture/12-rotated3-rotated1-rotated2-rotated1.jpg,no fracture,65.47357625482626,0.15256225493467201,0.6100115462858501,0.9785753216277344,2.68782175032175,85.57678348449109,55.37808912627551,150528,39.20250885133333,3,False
./pages/models/Bone Fracture/Baseline/no fracture/12-rotated3-rotated1-rotated3-rotated1.jpg,no fracture,64.07711953024452,0.1644058579835689,0.6065694124542031,0.9796601253797617,2.778173262548262,63.941293273951196,54.86995774872449,150528,39.75003371133695,0,False
./pages/models/Bone Fracture/Baseline/no fracture/12-rotated3-rotated1.jpg,no fracture,64.92641972329471,0.14619345815042456,0.622952762043423,0.9753856619815665,2.5869329150579152,154.31224142318464,59.78164859693877,150528,36.499201088880234,177,False
./pages/models/Bone Fracture/Baseline/no fracture/12-rotated3-rotated2.jpg,no fracture,120.6727195945946,0.14302559347779892,0.6022678244779437,0.9535476832426325,3.310509169884169,304.9471517302304,60.568040497448976,150528,36.1352941156197,276,False
./pages/models/Bone Fracture/Baseline/no fracture/12-rotated3-rotated3-rotated1.jpg,no fracture,78.9644666988417,0.13564091172974438,0.5866412895079709,0.9723907503254262,3.064450611325612,112.97141545139613,58.17085857780612,150528,37.9759953691643,33,False
./pages/models/Bone Fracture/Baseline/no fracture/12-rotated3-rotated3-rotated2-rotated1.jpg,no fracture,64.30246541184043,0.14447492367722456,0.612232730088263,0.978919216183769,2.6979367760617765,77.58181327961226,55.372927295918366,150528,39.19354492942709,0,False
./pages/models/Bone Fracture/Baseline/no fracture/12-rotated3-rotated3-rotated3-rotated1.jpg,no fracture,70.95541747104245,0.1526237374177331,0.608348850407921,0.9771121277841993,2.865930662805663,97.77032443653886,55.40140704719388,150528,39.432760583501874,27,False
./pages/models/Bone Fracture/Baseline/no fracture/12-rotated3-rotated3-rotated3.jpg,no fracture,70.7676158301158,0.15510171845881143,0.6122932794082716,0.9771863543419661,2.854287323037322,97.37556587761017,55.399832589285715,150528,39.44421115926995,30,False
./pages/models/Bone Fracture/Baseline/no fracture/12-rotated3-rotated3.jpg,no fracture,103.23666747104248,0.1397597303419939,0.5849938313658596,0.9644206269650374,3.506133365508366,148.64103963066268,58.175223214285715,150528,38.160843659299005,111,False
./pages/models/Bone Fracture/Baseline/no fracture/12-rotated3.jpg,no fracture,122.45016891891893,0.1401287208743618,0.5998620277714822,0.952230842575304,3.284507722007723,288.4925008386137,60.94359853316327,150528,35.89707253138504,324,False
./pages/models/Bone Fracture/Baseline/no fracture/12.jpg,no fracture,44.94190889533721,0.13716095851762072,0.6970140467395742,0.9817079415888015,1.2535155021584379,143.74144496989564,62.72413753129927,3364296,35.05907882279749,15480,True
./pages/models/Bone Fracture/Baseline/no fracture/13-rotated1-rotated1-rotated1.jpg,no fracture,121.72946830759331,0.3498893032714981,0.6036502505621598,0.9802041142383213,3.622446106821107,109.92893886566162,45.13721699617347,150528,55.4136305005577,264,False
./pages/models/Bone Fracture/Baseline/no fracture/13-rotated1-rotated1-rotated3-rotated1.jpg,no fracture,119.65677284427284,0.34584021364901224,0.6216878097638814,0.9807633441474195,3.5779037966537968,77.19298268436938,43.9821627869898,150528,55.691795024738205,222,False
./pages/models/Bone Fracture/Baseline/no fracture/13-rotated1-rotated1-rotated3.jpg,no fracture,123.07790379665379,0.35793003702431775,0.6277056404894511,0.980197182937104,3.5304456241956244,99.3623850261207,44.25229193239796,150528,55.69139461425429,252,False
./pages/models/Bone Fracture/Baseline/no fracture/13-rotated1-rotated2-rotated1-rotated1.jpg,no fracture,115.01009491634491,0.3482980787145804,0.6367485573793352,0.9815364143859089,3.055984555984556,79.03836920061791,44.139090401785715,150528,55.69507314685335,183,False
./pages/models/Bone Fracture/Baseline/no fracture/13-rotated1-rotated2-rotated2-rotated1.jpg,no fracture,152.6076455920206,0.3121568823908519,0.5722312732003136,0.975831754836799,4.461611164736166,78.0977632696556,43.545340401785715,150528,56.06202449904604,192,False
./pages/models/Bone Fracture/Baseline/no fracture/13-rotated1-rotated2-rotated3-rotated1.jpg,no fracture,150.06523487773487,0.3161754709013595,0.5791336252107722,0.9761544443573154,4.322072072072072,80.42874394273422,43.60078523596939,150528,55.969225257119014,231,False
./pages/models/Bone Fracture/Baseline/no fracture/13-rotated1-rotated3-rotated1-rotated1.jpg,no fracture,120.07635537323034,0.3189342371165827,0.5939252745729279,0.9809513799378072,3.66254424066924,64.29535195391558,43.82963966836735,150528,56.013789357728676,198,False
./pages/models/Bone Fracture/Baseline/no fracture/13-rotated1-rotated3-rotated2.jpg,no fracture,119.68062258687256,0.32658471588902743,0.62528858545699,0.9809096400121174,3.246903153153153,95.06896520127655,44.171894929846935,150528,55.909538032835535,276,False
./pages/models/Bone Fracture/Baseline/no fracture/13-rotated1-rotated3-rotated3-rotated1.jpg,no fracture,125.14905083655086,0.3449771173719057,0.6251325670549832,0.9800733412749547,3.344996782496783,80.72800298434206,44.16107302295919,150528,55.907093656977466,237,False
./pages/models/Bone Fracture/Baseline/no fracture/13-rotated1-rotated3-rotated3.jpg,no fracture,125.1159708815959,0.34721711217898227,0.6263647338922426,0.9800721798128561,3.3406732625482634,80.77760254845228,44.158223054846935,150528,55.8979517708876,237,False
./pages/models/Bone Fracture/Baseline/no fracture/13-rotated1.jpg,no fracture,143.20157657657654,0.3904823111093668,0.6297043099820033,0.9769071279557687,3.463803088803089,212.381690505543,45.198999521683675,150528,55.64193913246767,354,False
./pages/models/Bone Fracture/Baseline/no fracture/13-rotated2-rotated1-rotated1-rotated1.jpg,no fracture,97.11739864864867,0.34726924661831804,0.6363075114188788,0.9843381324976304,2.9415218790218796,71.15754418450561,44.17036033163265,150528,55.61201439228866,192,False
./pages/models/Bone Fracture/Baseline/no fracture/13-rotated2-rotated1-rotated2-rotated1.jpg,no fracture,101.54319498069495,0.32283095806184664,0.6237018976768459,0.9837344276100412,3.1161116473616466,78.57712189826503,43.74884406887755,150528,55.830630391913594,213,False
./pages/models/Bone Fracture/Baseline/no fracture/13-rotated2-rotated1-rotated2.jpg,no fracture,122.96181225868723,0.3371117826867673,0.632867519163302,0.9804305105893518,3.1822112290862283,97.5112303098705,43.771603954081634,150528,55.9468547255101,267,False
./pages/models/Bone Fracture/Baseline/no fracture/13-rotated2-rotated1-rotated3-rotated1.jpg,no fracture,103.05765363577864,0.350655124441909,0.6128695288936411,0.9831869688977255,3.283039736164736,96.75350983288823,44.80606265943877,150528,55.330120816116505,285,False
./pages/models/Bone Fracture/Baseline/no fracture/13-rotated2-rotated1-rotated3.jpg,no fracture,130.09411196911196,0.35071239604740506,0.6094838780566708,0.9788679889557058,3.613416988416988,128.5590224689069,44.849609375,150528,55.44075359738201,291,False
./pages/models/Bone Fracture/Baseline/no fracture/13-rotated2-rotated1.jpg,no fracture,145.9437339124839,0.3795278764812469,0.6303110239057661,0.9765427516531576,3.4664173101673104,215.27415812665947,45.093092315051024,150528,55.72670637752558,348,False
./pages/models/Bone Fracture/Baseline/no fracture/13-rotated2-rotated2-rotated1.jpg,no fracture,138.31459137709132,0.3697884496852983,0.6198160907069499,0.9776194212300197,3.7194739382239375,116.78929192798427,44.83637595663265,150528,55.51809741657774,270,False
./pages/models/Bone Fracture/Baseline/no fracture/13-rotated2-rotated2-rotated2-rotated1.jpg,no fracture,125.49207689832691,0.3236370075704684,0.5934557228768773,0.9796788315327827,3.8511502574002576,72.93415436432889,44.81881776147959,150528,55.49065298950628,216,False
./pages/models/Bone Fracture/Baseline/no fracture/13-rotated2-rotated2-rotated2.jpg,no fracture,145.23729086229085,0.34454957141644565,0.5972216523025632,0.9766133137178427,4.0598857786357785,93.06063798128294,44.83101482780612,150528,55.6255460616407,246,False
./pages/models/Bone Fracture/Baseline/no fracture/13-rotated2-rotated2.jpg,no fracture,113.69946509009007,0.39422756775944523,0.6262928994931544,0.9814534876091453,3.2628901222651217,136.16506130523558,45.43096301020408,150528,55.35927394657094,321,False
./pages/models/Bone Fracture/Baseline/no fracture/13-rotated2-rotated3-rotated1-rotated1.jpg,no fracture,145.48916103603602,0.30451282126936297,0.5699001923653145,0.976748645837517,4.327642374517374,72.22434028234645,44.33643574617347,150528,55.82517789357833,216,False
./pages/models/Bone Fracture/Baseline/no fracture/13-rotated2-rotated3-rotated1.jpg,no fracture,123.89436534749036,0.37439470266534114,0.6247605092541982,0.9798476902775454,3.474601833976835,106.61198213625727,44.95174984056123,150528,55.39739899073508,276,False
./pages/models/Bone Fracture/Baseline/no fracture/13-rotated2.jpg,no fracture,141.92388593951097,0.4538971457754778,0.6361872259080674,0.9768984162263191,3.659527831402832,377.5876806434717,46.43809789540816,150528,55.459109310965964,522,False
./pages/models/Bone Fracture/Baseline/no fracture/13-rotated3-rotated1-rotated1-rotated1.jpg,no fracture,101.41087516087515,0.31538925548377983,0.6237275531602684,0.9838533235164161,3.0702220077220073,61.16363644510545,43.95454001913265,150528,55.96424321270687,213,False
./pages/models/Bone Fracture/Baseline/no fracture/13-rotated3-rotated1-rotated1.jpg,no fracture,145.3939028314028,0.3370798412341499,0.6048252992919394,0.9767186861302036,3.952501608751608,104.02259016970406,44.116828762755105,150528,55.790062498770546,237,False
./pages/models/Bone Fracture/Baseline/no fracture/13-rotated3-rotated1-rotated3-rotated1.jpg,no fracture,120.45992197554693,0.30316280935609785,0.5436361600430678,0.9811154090145271,4.325028153153152,64.81051906750928,43.368781887755105,150528,56.35692962555513,144,False
./pages/models/Bone Fracture/Baseline/no fracture/13-rotated3-rotated1-rotated3.jpg,no fracture,136.98403314028315,0.31148725819213635,0.5524890856885875,0.9785977841475879,4.4036357786357785,95.6824779800453,43.49103156887755,150528,56.448659604649876,219,False
./pages/models/Bone Fracture/Baseline/no fracture/13-rotated3-rotated1.jpg,no fracture,146.55759330759327,0.344842370004322,0.6248769501603851,0.9767328755661515,3.4798503861003853,146.70286846955284,44.323361766581634,150528,55.993140946498016,228,False
./pages/models/Bone Fracture/Baseline/no fracture/13-rotated3-rotated2-rotated1-rotated1.jpg,no fracture,104.20742841055342,0.31383751266896404,0.6132120191650215,0.9834395664303549,3.180200289575289,54.22197596880854,44.08645567602041,150528,56.00142798295745,141,False
./pages/models/Bone Fracture/Baseline/no fracture/13-rotated3-rotated2-rotated1.jpg,no fracture,128.69109958172456,0.32993228913067846,0.6113147740278537,0.9792632279063466,3.6917028635778633,107.24856945476351,44.315987723214285,150528,55.653376270546914,255,False
./pages/models/Bone Fracture/Baseline/no fracture/13-rotated3-rotated2-rotated2-rotated1.jpg,no fracture,101.88541666666667,0.3137679148878764,0.6229171703151604,0.9837751732857193,3.077380952380952,59.683243732063126,43.97215800382653,150528,55.968644438207946,198,False
./pages/models/Bone Fracture/Baseline/no fracture/13-rotated3-rotated2-rotated2.jpg,no fracture,116.48264559202057,0.311121907402825,0.6150181571639439,0.981546382140402,3.2516288610038604,78.44519427735227,44.01839524872449,150528,56.10150893932499,201,False
./pages/models/Bone Fracture/Baseline/no fracture/13-rotated3-rotated2-rotated3-rotated1.jpg,no fracture,96.34781209781208,0.31540834794156714,0.6219200248166933,0.9846579804854602,3.0548986486486482,63.18411141125076,43.95350366709184,150528,56.00069122760765,204,False
./pages/models/Bone Fracture/Baseline/no fracture/13-rotated3-rotated2.jpg,no fracture,152.3846726190476,0.3537558836997528,0.6175733996772002,0.9755900020237994,3.9042189510939513,140.85734525535167,44.332350127551024,150528,55.798887612233045,339,False
./pages/models/Bone Fracture/Baseline/no fracture/13-rotated3-rotated3-rotated2.jpg,no fracture,155.5632239382239,0.3213214852778449,0.5867911043863144,0.9756190254717494,4.070503539253539,136.4588120987593,44.0915377869898,150528,56.35502004770449,210,False
./pages/models/Bone Fracture/Baseline/no fracture/13-rotated3-rotated3-rotated3-rotated1.jpg,no fracture,114.69506113256112,0.3228790554743274,0.6248553554758254,0.9818309946615666,3.3326898326898324,102.92989471980503,43.760383450255105,150528,56.15161642933533,192,False
./pages/models/Bone Fracture/Baseline/no fracture/13-rotated3-rotated3-rotated3.jpg,no fracture,113.49020672458172,0.32077383626651124,0.6207687113113045,0.9820495940719867,3.3096243564993566,119.5045470297709,44.07340162627551,150528,56.22341042855584,240,False
./pages/models/Bone Fracture/Baseline/no fracture/13-rotated3.jpg,no fracture,154.5536920849421,0.3694538685940331,0.6335209616293203,0.9753680097000818,3.48704954954955,224.5832511265543,44.703742825255105,150528,55.934839025947014,312,False
./pages/models/Bone Fracture/Baseline/no fracture/14-rotated1-rotated1-rotated1.jpg,no fracture,170.2128177284427,0.22741008804467128,0.5876587509700432,0.9782076139101051,4.353221525096525,114.89439063368117,58.76478794642857,150528,62.44904364522422,0,False
./pages/models/Bone Fracture/Baseline/no fracture/14-rotated1-rotated1-rotated2-rotated1.jpg,no fracture,121.34672619047619,0.23277679103493346,0.5967159374756066,0.9843705817004234,4.197192728442728,61.79861621149677,57.46791294642857,150528,62.31946539642323,0,False
./pages/models/Bone Fracture/Baseline/no fracture/14-rotated1-rotated1.jpg,no fracture,148.53822796010297,0.23485972224661056,0.5872087837214849,0.980484988721975,4.4026101994852,191.3528067919673,58.714186065051024,150528,61.64478827543669,9,False
./pages/models/Bone Fracture/Baseline/no fracture/14-rotated1-rotated2-rotated1-rotated1.jpg,no fracture,114.25691763191764,0.2352072315561607,0.6062567486475912,0.9850739033529253,3.8250482625482634,78.64808061171551,59.00546077806123,150528,61.787558115252615,0,False
./pages/models/Bone Fracture/Baseline/no fracture/14-rotated1-rotated2-rotated2-rotated1.jpg,no fracture,127.06306306306305,0.23966919598516234,0.6052988668311517,0.9837036673551401,4.14394305019305,75.95080787407663,57.057696906887756,150528,62.41368177843412,0,False
./pages/models/Bone Fracture/Baseline/no fracture/14-rotated1-rotated2-rotated2.jpg,no fracture,130.20318532818538,0.23549161814487188,0.6050805344412565,0.9831111404029794,4.010416666666667,121.80716752032845,58.906947544642854,150528,62.00481102916317,0,False
./pages/models/Bone Fracture/Baseline/no fracture/14-rotated1-rotated2-rotated3-rotated1.jpg,no fracture,120.67820945945945,0.22749522849918877,0.5628498957833749,0.9841423680707644,4.328386422136422,94.50372016673185,55.926538584183675,150528,61.60851823342154,0,False
./pages/models/Bone Fracture/Baseline/no fracture/14-rotated1-rotated2-rotated3.jpg,no fracture,136.81971927284428,0.23678042252887324,0.569803562982403,0.9821158777435652,4.555119851994853,92.39686497684721,55.95157047193877,150528,61.739636306442,0,False
./pages/models/Bone Fracture/Baseline/no fracture/14-rotated1-rotated2.jpg,no fracture,142.1743283462033,0.23470267270597137,0.5940428753757029,0.9817996242103852,4.30387306949807,114.18555998573794,59.87298708545919,150528,62.42686178975557,0,False
./pages/models/Bone Fracture/Baseline/no fracture/14-rotated1-rotated3-rotated1-rotated1.jpg,no fracture,123.98359073359073,0.22956998765719386,0.5952938678020661,0.984007617610971,4.02827380952381,83.51671169619419,59.44995615433673,150528,62.17966478751716,0,False
./pages/models/Bone Fracture/Baseline/no fracture/14-rotated1-rotated3-rotated2-rotated1.jpg,no fracture,111.22333494208493,0.2223241629928934,0.5978506044059613,0.9856170383158612,3.7704713642213634,111.30877831358555,58.80088089923469,150528,62.18233582820625,0,False
./pages/models/Bone Fracture/Baseline/no fracture/14-rotated1-rotated3-rotated2.jpg,no fracture,110.62467824967825,0.23403521462768762,0.6105420702612344,0.9857817601424345,3.7381354568854572,82.07930156639445,58.81997369260204,150528,62.34690542088302,0,False
./pages/models/Bone Fracture/Baseline/no fracture/14-rotated1-rotated3-rotated3.jpg,no fracture,134.30513996138993,0.23960742617831832,0.5961627810702766,0.9826820716727294,4.386703667953667,87.75145612285316,56.89108338647959,150528,62.28523044554558,0,False
./pages/models/Bone Fracture/Baseline/no fracture/14-rotated2-rotated1-rotated2.jpg,no fracture,135.8079753861004,0.23938599254910292,0.565291789803924,0.9823610391139453,4.879524613899613,83.000797904069,54.865991709183675,150528,62.029237734070456,0,False
./pages/models/Bone Fracture/Baseline/no fracture/14-rotated2-rotated1-rotated3-rotated1.jpg,no fracture,169.71611566924068,0.22813441737417342,0.587014102936098,0.9778914312834203,4.491976351351351,101.11018250039199,55.59921077806123,150528,61.87511919707823,0,False
./pages/models/Bone Fracture/Baseline/no fracture/14-rotated2-rotated1-rotated3.jpg,no fracture,132.43546895109398,0.23918225707538285,0.5764392740205037,0.9827778657195592,4.662705115830116,82.28566438324597,55.57368064413265,150528,62.01382745784487,0,False
./pages/models/Bone Fracture/Baseline/no fracture/14-rotated2-rotated1.jpg,no fracture,146.5269465894466,0.2401868732042931,0.6011829672644096,0.9811697818478424,4.278233590733591,144.03224300970788,60.28238600127551,150528,62.2959644484157,0,False
./pages/models/Bone Fracture/Baseline/no fracture/14-rotated2-rotated2-rotated1.jpg,no fracture,136.10485038610037,0.23541813298790618,0.5632487260610826,0.9822645514036111,4.729086229086228,82.42709382202963,55.29175302933673,150528,61.84265124477097,0,False
./pages/models/Bone Fracture/Baseline/no fracture/14-rotated2-rotated2-rotated2-rotated1.jpg,no fracture,113.5991594272844,0.23647567957716756,0.6170280864110923,0.9854475020194905,3.6470197876447874,70.28752482230342,57.714923469387756,150528,62.44110781894735,0,False
./pages/models/Bone Fracture/Baseline/no fracture/14-rotated2-rotated2-rotated3-rotated1.jpg,no fracture,118.38734716859719,0.22676619287467453,0.6032010488138299,0.9847718230440435,3.767334298584299,76.32885465101616,58.916374362244895,150528,62.33448062049767,0,False
./pages/models/Bone Fracture/Baseline/no fracture/14-rotated2-rotated2-rotated3.jpg,no fracture,164.4965612934363,0.2258834328020898,0.5841839080399814,0.9789116563809579,4.445885617760617,90.50285880816874,58.98208306760204,150528,62.39768457077139,0,False
./pages/models/Bone Fracture/Baseline/no fracture/14-rotated2-rotated2.jpg,no fracture,154.3381796975547,0.23343085237721198,0.5649813954440216,0.9798924000650772,4.7541224259974255,122.81590168320203,56.05195711096939,150528,61.845201213851944,3,False
./pages/models/Bone Fracture/Baseline/no fracture/14-rotated2-rotated3-rotated1-rotated1.jpg,no fracture,103.37753378378378,0.22979558894404037,0.6115682111804982,0.9867065940135575,3.597771879021879,97.14874524168548,56.26654177295919,150528,62.34443254931858,0,False
./pages/models/Bone Fracture/Baseline/no fracture/14-rotated2-rotated3-rotated2.jpg,no fracture,138.42730453667957,0.22661888304615624,0.6014128567227026,0.982281369246942,3.929958976833977,128.45791883957182,58.12563775510204,150528,62.49131029827107,0,False
./pages/models/Bone Fracture/Baseline/no fracture/14-rotated2-rotated3-rotated3-rotated1.jpg,no fracture,114.36659427284427,0.22367531027017554,0.6102730317858945,0.9853076194301302,3.693009974259975,93.83083673935539,58.081034757653065,150528,62.37830060089244,0,False
./pages/models/Bone Fracture/Baseline/no fracture/14-rotated3-rotated1-rotated1-rotated1.jpg,no fracture,172.08190556628057,0.22753872049182233,0.5873285628506418,0.9779550300147803,4.511723777348777,106.43424643818808,58.74663185586735,150528,62.415770081020014,0,False
./pages/models/Bone Fracture/Baseline/no fracture/14-rotated3-rotated1-rotated1.jpg,no fracture,133.9454432110682,0.22568159534781126,0.5923604498028898,0.9825428572794611,4.168979247104247,125.7340044862079,60.486348054846935,150528,61.89088525351435,0,False
./pages/models/Bone Fracture/Baseline/no fracture/14-rotated3-rotated1-rotated3-rotated1.jpg,no fracture,178.1005670849421,0.22571275706743482,0.5856024786581753,0.9769295050058084,4.529178732303732,100.84955610547748,56.96880978954081,150528,62.06040368787202,0,False
./pages/models/Bone Fracture/Baseline/no fracture/14-rotated3-rotated1-rotated3.jpg,no fracture,133.40208735521233,0.2409668543970026,0.59217920052951,0.982746201350599,4.425012065637064,82.9990334210918,56.95952248086735,150528,62.195848709882874,0,False
./pages/models/Bone Fracture/Baseline/no fracture/14-rotated3-rotated1.jpg,no fracture,152.25500723938225,0.24022603185539024,0.5726348022774657,0.9802160850080426,4.926620817245817,124.34750864298233,55.577766262755105,150528,62.036509498544234,0,False
./pages/models/Bone Fracture/Baseline/no fracture/14-rotated3-rotated2-rotated1.jpg,no fracture,113.26924469111971,0.22711919671983108,0.5861733300122448,0.9851837848691252,4.022824163449164,90.30924989977562,60.832150829081634,150528,61.82708319953275,0,False
./pages/models/Bone Fracture/Baseline/no fracture/14-rotated3-rotated2-rotated2-rotated1.jpg,no fracture,114.19946509009009,0.22950680492968392,0.5940241748772775,0.9853500619008142,3.812399453024453,93.29684465877816,56.77104591836735,150528,62.403315487169905,0,False
./pages/models/Bone Fracture/Baseline/no fracture/14-rotated3-rotated2-rotated2.jpg,no fracture,127.99597812097812,0.23881599589454972,0.600622195793766,0.9836689732535994,3.933236808236808,85.31442526229867,56.80976961096939,150528,62.54961443528174,0,False
./pages/models/Bone Fracture/Baseline/no fracture/14-rotated3-rotated2-rotated3-rotated1.jpg,no fracture,124.08355453667957,0.23748475225264742,0.578504337132975,0.9840790708724436,4.175896879021879,85.14329953612709,55.68592554209184,150528,62.33103843681064,0,False
./pages/models/Bone Fracture/Baseline/no fracture/14-rotated3-rotated3-rotated2-rotated1.jpg,no fracture,117.61233108108107,0.23022485605548249,0.5950443863293399,0.9848086117823779,4.179898648648649,56.15565160531294,57.822584502551024,150528,62.239770209087695,0,False
./pages/models/Bone Fracture/Baseline/no fracture/14-rotated3-rotated3-rotated2.jpg,no fracture,152.99241875804375,0.22557650480571378,0.5900245051946587,0.9804188558842456,4.398990508365508,128.3026632378867,58.74527662627551,150528,62.422221913955234,0,False
./pages/models/Bone Fracture/Baseline/no fracture/14-rotated3-rotated3-rotated3.jpg,no fracture,126.04975064350064,0.2373332352233782,0.6011118659244918,0.9839088057994381,3.9289333976833984,82.33059616716442,56.814672353316325,150528,62.53129440351803,0,False
./pages/models/Bone Fracture/Baseline/no fracture/14-rotated3-rotated3.jpg,no fracture,152.75898889961388,0.23736895356485335,0.5962662216887662,0.9804583991168356,4.529902670527671,129.86431028087256,58.039819834183675,150528,62.53186025311409,0,False
./pages/models/Bone Fracture/Baseline/no fracture/14-rotated3.jpg,no fracture,179.6740870334621,0.24752589009791415,0.5895180709967801,0.9768160187007225,4.99402750965251,235.68885736135778,56.40045041454081,150528,62.25277230801128,12,False
./pages/models/Bone Fracture/Baseline/no fracture/14.jpg,no fracture,17.514541674963937,0.28571097386040706,0.7454966795807438,0.9976691535928122,1.1707748274572467,55.24768255538372,62.24222868315782,4946652,61.29311708617335,381,False
./pages/models/Bone Fracture/Baseline/no fracture/15-rotated1-rotated1-rotated1-rotated1.jpg,no fracture,145.29070141570142,0.2000249205018403,0.5759104653288053,0.9821524377615916,3.8916505791505793,87.58805130899376,58.98993542729592,150528,63.71269446642866,0,False
./pages/models/Bone Fracture/Baseline/no fracture/15-rotated1-rotated1-rotated2-rotated1.jpg,no fracture,127.1232705920206,0.18650323926971832,0.5994626036999818,0.984150062461868,3.352276383526384,96.37521766136706,59.589564732142854,150528,63.30925565983321,0,False
./pages/models/Bone Fracture/Baseline/no fracture/15-rotated1-rotated1-rotated2.jpg,no fracture,141.9830477799227,0.19791438386324686,0.5929415144789121,0.9823805692985842,3.6497546653796644,112.32570556837636,59.587272799744895,150528,63.41967708443601,0,False
./pages/models/Bone Fracture/Baseline/no fracture/15-rotated1-rotated1-rotated3-rotated1.jpg,no fracture,147.18784185971683,0.19679577331121528,0.5524723722723057,0.9822583135704587,4.11170768983269,82.07183789432369,58.125279017857146,150528,64.33973339522954,0,False
./pages/models/Bone Fracture/Baseline/no fracture/15-rotated1-rotated2-rotated2-rotated1.jpg,no fracture,108.41702863577864,0.19632954506179717,0.6300129714500955,0.9864736988218866,2.8795447232947233,85.48851783908144,58.92715640943877,150528,63.27088850619699,0,False
./pages/models/Bone Fracture/Baseline/no fracture/15-rotated1-rotated2-rotated2.jpg,no fracture,150.86985199485198,0.1910115201411577,0.6108571963472399,0.9812255191937228,3.2746943371943376,148.47302521551117,59.00091677295919,150528,63.35719821366833,0,False
./pages/models/Bone Fracture/Baseline/no fracture/15-rotated1-rotated2-rotated3.jpg,no fracture,133.40124276061775,0.20344470846351284,0.6195886693909507,0.9836029331215919,3.289112773487773,112.52805396329856,57.99609375,150528,63.734505550379964,0,False
./pages/models/Bone Fracture/Baseline/no fracture/15-rotated1-rotated3-rotated1-rotated1.jpg,no fracture,119.21553249678247,0.20384615002741857,0.6246397573217936,0.9853127299608612,3.1516248391248385,82.24011870435456,57.96884964923469,150528,63.6634401202141,0,False
./pages/models/Bone Fracture/Baseline/no fracture/15-rotated1-rotated3-rotated1.jpg,no fracture,138.74044803732303,0.1881780322870696,0.6142872372624922,0.9826216740898359,3.218770109395109,126.95423474007973,59.392159598214285,150528,63.13701556366937,0,False
./pages/models/Bone Fracture/Baseline/no fracture/15-rotated1-rotated3-rotated2-rotated1.jpg,no fracture,147.47677364864865,0.19012057271294064,0.5499711266795692,0.9820548391617079,4.128921332046332,83.13738674940738,58.507792570153065,150528,64.03969401068748,0,False
./pages/models/Bone Fracture/Baseline/no fracture/15-rotated1-rotated3-rotated3.jpg,no fracture,172.42515283140284,0.20519249271580356,0.536959527625576,0.9793935936349932,4.826657014157013,120.51170310195612,58.023656728316325,150528,64.57330341449538,0,False
./pages/models/Bone Fracture/Baseline/no fracture/15-rotated1-rotated3.jpg,no fracture,149.31897522522524,0.20064786228068138,0.6194756724177678,0.9813876068742052,3.4199646074646077,149.15176575862085,59.42900988520408,150528,63.288471516206506,3,False
./pages/models/Bone Fracture/Baseline/no fracture/15-rotated2-rotated1-rotated3.jpg,no fracture,146.1426158301158,0.2019071455968336,0.5728939685411685,0.982201627783702,3.9438947876447865,108.57982010307138,58.16523836096939,150528,64.00453995289129,0,False
./pages/models/Bone Fracture/Baseline/no fracture/15-rotated2-rotated2-rotated1.jpg,no fracture,169.93800273487776,0.20366847933496443,0.5601732640088692,0.9793885795353049,4.3638392857142865,114.55371271536183,58.12529894770408,150528,64.10723196334021,0,False
./pages/models/Bone Fracture/Baseline/no fracture/15-rotated2-rotated2-rotated2-rotated1.jpg,no fracture,124.5552405083655,0.20152514451020945,0.625327230200524,0.9845428078205319,3.1691803410553416,82.49471696363496,58.514030612244895,150528,63.42437881457232,0,False
./pages/models/Bone Fracture/Baseline/no fracture/15-rotated2-rotated2-rotated2.jpg,no fracture,149.19413610038612,0.19405353203163309,0.6184338999176059,0.9812111926037043,3.1869771557271562,155.24722464012137,59.67183514030612,150528,62.96991146910486,0,False
./pages/models/Bone Fracture/Baseline/no fracture/15-rotated2-rotated2-rotated3-rotated1.jpg,no fracture,128.150921010296,0.19230639619385623,0.6156521103666821,0.9841015478862828,3.2048141891891895,108.89249133706242,58.44772401147959,150528,63.446816647734416,0,False
./pages/models/Bone Fracture/Baseline/no fracture/15-rotated2-rotated3-rotated1.jpg,no fracture,143.3733711389961,0.18972253923231916,0.6096790895092241,0.9821933030254558,3.2620053088803083,138.23704247552126,58.74722975127551,150528,63.42409302050005,0,False
./pages/models/Bone Fracture/Baseline/no fracture/15-rotated2-rotated3-rotated2.jpg,no fracture,128.64607464607465,0.20006886007413835,0.6173287644260743,0.9839277014721098,3.1247184684684686,123.75751060349205,59.2238919005102,150528,63.241584916783864,0,False
./pages/models/Bone Fracture/Baseline/no fracture/15-rotated2-rotated3-rotated3-rotated1.jpg,no fracture,133.04840331402832,0.2004272233384278,0.595157359048893,0.9835473173178277,3.6131555662805668,84.50085044036253,58.7561184630102,150528,63.51945774884972,0,False
./pages/models/Bone Fracture/Baseline/no fracture/15-rotated3-rotated1-rotated2-rotated1.jpg,no fracture,152.3227557915058,0.20639632572290142,0.5443249240374624,0.9815877441158323,4.518379987129987,78.54317856629359,57.72733976403061,150528,64.21980853057038,0,False
./pages/models/Bone Fracture/Baseline/no fracture/15-rotated3-rotated1-rotated2.jpg,no fracture,160.2771074646075,0.2012671606639467,0.5706417840878466,0.9804468535104128,4.143339768339769,121.31500579018933,58.349390146683675,150528,63.9284953363565,0,False
./pages/models/Bone Fracture/Baseline/no fracture/15-rotated3-rotated1-rotated3.jpg,no fracture,133.84749034749032,0.19108666560956405,0.6147397281220831,0.9835670685707958,3.213119369369369,121.17397197411985,58.5578762755102,150528,63.77097930473306,0,False
./pages/models/Bone Fracture/Baseline/no fracture/15-rotated3-rotated2-rotated1.jpg,no fracture,139.8953708172458,0.1977744312840798,0.593844851176002,0.9827405577407984,3.69214527027027,110.71682087216266,58.8317721619898,150528,63.588970572796974,0,False
./pages/models/Bone Fracture/Baseline/no fracture/15-rotated3-rotated2-rotated2.jpg,no fracture,135.86281370656368,0.19342742655188375,0.6087017231136742,0.983081310450861,3.350788288288288,125.88497622258365,59.08998325892857,150528,63.3354051037186,0,False
./pages/models/Bone Fracture/Baseline/no fracture/15-rotated3-rotated2-rotated3-rotated1.jpg,no fracture,105.72096203346203,0.1961734912249039,0.6088670307011332,0.9869571090254801,3.05984555984556,98.49298119177573,58.04637675382653,150528,63.63129095532996,0,False
./pages/models/Bone Fracture/Baseline/no fracture/15-rotated3-rotated2-rotated3.jpg,no fracture,118.46138996138997,0.20149331774064203,0.6128747331908941,0.9854436389944788,3.1306708494208495,113.82966979788222,58.08637595663265,150528,63.76582399875371,0,False
./pages/models/Bone Fracture/Baseline/no fracture/15-rotated3-rotated2.jpg,no fracture,144.65033783783784,0.192019064203389,0.5998581440254899,0.9821093270212345,3.5973696911196904,119.50242077574438,59.10694355867347,150528,63.54438287498757,0,False
./pages/models/Bone Fracture/Baseline/no fracture/15-rotated3-rotated3-rotated1-rotated1.jpg,no fracture,127.11301480051482,0.1988871731498402,0.5815899423450841,0.9846004443745793,3.623833655083655,72.50527484453703,57.804029815051024,150528,64.19446307981907,0,False
./pages/models/Bone Fracture/Baseline/no fracture/15-rotated3-rotated3-rotated1.jpg,no fracture,162.80936293436292,0.20684226936729636,0.5211620194065318,0.9805125175842218,5.104769948519949,100.57633870961713,57.09843351403061,150528,64.54351409083706,0,False
./pages/models/Bone Fracture/Baseline/no fracture/15-rotated3-rotated3-rotated2-rotated1.jpg,no fracture,144.30845801158304,0.2115272516180668,0.5248254956223246,0.9827237514147042,4.950028153153155,74.4089785106775,57.01153938137755,150528,64.53673713494567,0,False
./pages/models/Bone Fracture/Baseline/no fracture/15-rotated3-rotated3-rotated3-rotated1.jpg,no fracture,170.68979247104244,0.2080841218494916,0.5397923100291329,0.9794992279046018,4.790017696267697,108.62684762264378,57.65591119260204,150528,64.42756304438167,0,False
./pages/models/Bone Fracture/Baseline/no fracture/15-rotated3.jpg,no fracture,176.79737773487773,0.20575310101733385,0.6142509786023608,0.9778953603346875,3.578627734877735,243.93168642321314,60.400609853316325,150528,63.217961760885515,9,False
./pages/models/Bone Fracture/Baseline/no fracture/15.jpg,no fracture,40.11552609158678,0.2446948895259425,0.7411862486411653,0.9949065562004898,1.2591597444089453,77.48118176476426,62.24121637426901,2821500,62.74660659103847,588,False
./pages/models/Bone Fracture/Baseline/no fracture/16-rotated1-rotated1-rotated1-rotated1.jpg,no fracture,130.9697152509652,0.17975862694470937,0.5772526759551416,0.9868276174004214,4.093508687258686,138.6314169515525,64.50474330357143,150528,70.5048978895572,0,False
./pages/models/Bone Fracture/Baseline/no fracture/16-rotated1-rotated1-rotated1.jpg,no fracture,344.09109555984554,0.17708817450241085,0.5530964811382642,0.9663457872173865,6.304898648648648,199.6485486231164,63.38584183673469,150528,71.41135424501931,0,False
./pages/models/Bone Fracture/Baseline/no fracture/16-rotated1-rotated1-rotated2-rotated1.jpg,no fracture,306.0118243243242,0.1839023450950086,0.5594227776129389,0.9695209006213495,6.024935649935649,181.82777418091314,61.59574298469388,150528,70.74577588026567,0,False
./pages/models/Bone Fracture/Baseline/no fracture/16-rotated1-rotated1-rotated2.jpg,no fracture,398.2386381917632,0.17951142107591678,0.55770178829567,0.9614913160820286,6.172236969111969,322.5230152169053,66.14070471938776,150528,71.86542979551919,0,False
./pages/models/Bone Fracture/Baseline/no fracture/16-rotated1-rotated1-rotated3-rotated1.jpg,no fracture,334.2331282175031,0.17621091690170665,0.5577488586861489,0.9672090039525253,6.00094514157014,204.21784972151534,64.5269850127551,150528,71.32064746557322,0,False
./pages/models/Bone Fracture/Baseline/no fracture/16-rotated1-rotated1-rotated3.jpg,no fracture,394.8696710102961,0.1782920891909109,0.554954798524302,0.9617253515388309,6.194156209781211,329.7950024443932,65.73618861607143,150528,71.77402108710099,0,False
./pages/models/Bone Fracture/Baseline/no fracture/16-rotated1-rotated2-rotated1-rotated1.jpg,no fracture,291.3347812097812,0.17137030714691753,0.5379186609387346,0.9710431117349991,5.960424710424712,164.73634066972969,62.092075892857146,150528,70.842907101802,0,False
./pages/models/Bone Fracture/Baseline/no fracture/16-rotated1-rotated2-rotated3-rotated1.jpg,no fracture,298.75617358429855,0.17170738762391954,0.5356655810176874,0.9703113824425017,6.124658140283139,167.17677194642206,62.082449776785715,150528,70.83774169623365,0,False
./pages/models/Bone Fracture/Baseline/no fracture/16-rotated1-rotated2.jpg,no fracture,385.6373069498069,0.18330177542328666,0.556604107550092,0.9623872817322693,6.532697876447875,290.979173309949,62.727658641581634,150528,71.50396487811261,0,False
./pages/models/Bone Fracture/Baseline/no fracture/16-rotated1-rotated3-rotated1-rotated1.jpg,no fracture,311.0097731660232,0.16909080689158926,0.544635660994692,0.9690372060650503,5.601351351351352,341.6547107430409,65.19901945153062,150528,70.82918472941739,0,False
./pages/models/Bone Fracture/Baseline/no fracture/16-rotated1-rotated3-rotated1.jpg,no fracture,126.00168918918918,0.19192196674078482,0.6128595257673821,0.9873080584418576,3.643339768339768,116.48203845264415,60.23973612882653,150528,70.43307337846504,0,False
./pages/models/Bone Fracture/Baseline/no fracture/16-rotated1-rotated3-rotated2-rotated1.jpg,no fracture,325.0645913770913,0.16548204024978844,0.5348550302823227,0.9682076950005638,6.125040218790218,196.49976643717625,64.90373883928571,150528,71.4385876150582,0,False
./pages/models/Bone Fracture/Baseline/no fracture/16-rotated1-rotated3-rotated3-rotated1.jpg,no fracture,314.48306788931785,0.17260500045696595,0.5503917970329011,0.9693536288934655,6.052927927927928,156.6987667659679,65.29354671556122,150528,71.57209984715512,0,False
./pages/models/Bone Fracture/Baseline/no fracture/16-rotated1-rotated3-rotated3.jpg,no fracture,360.7231539575289,0.17634266304671117,0.546146652159255,0.9654503128325446,6.186514639639639,204.17959730091914,67.53944116709184,150528,72.21895544818543,0,False
./pages/models/Bone Fracture/Baseline/no fracture/16-rotated1-rotated3.jpg,no fracture,145.97830196267697,0.18719984853224486,0.5984899012069183,0.9853517507270185,3.989884974259975,189.38800019872332,60.844108737244895,150528,70.55502626374299,0,False
./pages/models/Bone Fracture/Baseline/no fracture/16-rotated1.jpg,no fracture,309.2786558880308,0.1825512856384642,0.5629724315064941,0.9702604283630812,5.499296171171171,401.8502823568691,67.83916613520408,150528,72.35968428105286,0,False
./pages/models/Bone Fracture/Baseline/no fracture/16-rotated2-rotated1-rotated1.jpg,no fracture,304.9702380952382,0.18672292605329754,0.5556295717208877,0.9696337317343382,6.250522844272845,171.4344349153734,60.439473054846935,150528,70.75112003158398,0,False
./pages/models/Bone Fracture/Baseline/no fracture/16-rotated2-rotated1-rotated2-rotated1.jpg,no fracture,246.41636502574,0.184469796518722,0.5432975270315074,0.9751123204701224,5.975929054054053,131.3474210411844,59.38052056760204,150528,70.2473042018298,0,False
./pages/models/Bone Fracture/Baseline/no fracture/16-rotated2-rotated1-rotated3.jpg,no fracture,209.8180703024453,0.21050911730643804,0.5518964865740158,0.9788363284298742,6.024473133848136,118.71041885329899,57.01831552933673,150528,70.26786255559468,0,False
./pages/models/Bone Fracture/Baseline/no fracture/16-rotated2-rotated1.jpg,no fracture,145.8754222972973,0.18560133521402555,0.6178647905792382,0.9850481836507028,3.671673906048906,167.47977182459007,61.141621492346935,150528,69.8497455876471,0,False
./pages/models/Bone Fracture/Baseline/no fracture/16-rotated2-rotated2-rotated2-rotated1.jpg,no fracture,112.87777509652506,0.19375604011293915,0.6107122975098545,0.9886157957050556,3.5281933719433716,94.33008279605787,59.602180325255105,150528,70.36391715844215,0,False
./pages/models/Bone Fracture/Baseline/no fracture/16-rotated2-rotated2-rotated3-rotated1.jpg,no fracture,230.21726190476193,0.19746611468213485,0.5546042038502499,0.976754073436206,5.928973616473616,104.57336853961557,58.47441007653061,150528,70.23269977578909,0,False
./pages/models/Bone Fracture/Baseline/no fracture/16-rotated2-rotated2-rotated3.jpg,no fracture,318.2974380630631,0.18491825888631452,0.5550374120815197,0.9684509035347874,6.2850908944658945,175.34887989199888,61.22983099489796,150528,70.91764724739986,0,False
./pages/models/Bone Fracture/Baseline/no fracture/16-rotated2-rotated2.jpg,no fracture,361.46116875804364,0.18811019500263315,0.5576631872390349,0.964340413274325,6.523990508365508,268.9375935419059,60.981764190051024,150528,71.08155189621544,0,False
./pages/models/Bone Fracture/Baseline/no fracture/16-rotated2-rotated3-rotated1.jpg,no fracture,226.35867117117115,0.2038151097957258,0.5524170272038342,0.9770581133545024,5.91726994851995,164.4936219008452,57.20298549107143,150528,70.1108098764156,0,False
./pages/models/Bone Fracture/Baseline/no fracture/16-rotated2-rotated3-rotated2-rotated1.jpg,no fracture,197.25066361003857,0.20570827020332624,0.5536943306657659,0.9799515382084875,5.722470238095237,119.36635908788564,57.059988839285715,150528,70.0117319218451,0,False
./pages/models/Bone Fracture/Baseline/no fracture/16-rotated2-rotated3-rotated3-rotated1.jpg,no fracture,184.0885617760618,0.2086794219489904,0.5520106831316789,0.9812530588131961,5.825571106821107,111.94744293454387,56.633908641581634,150528,69.94392972746533,0,False
./pages/models/Bone Fracture/Baseline/no fracture/16-rotated3-rotated1-rotated2-rotated1.jpg,no fracture,184.1026986808237,0.19645519326551195,0.5705009329342264,0.9814233374466385,5.250904922779923,93.41581707286714,58.71924824617347,150528,70.25567517413371,0,False
./pages/models/Bone Fracture/Baseline/no fracture/16-rotated3-rotated1-rotated2.jpg,no fracture,196.4768943050193,0.1896975013415488,0.5737383507170696,0.9802698487215541,5.090472168597168,130.40965327398325,60.11874202806123,150528,70.43508143140845,0,False
./pages/models/Bone Fracture/Baseline/no fracture/16-rotated3-rotated1-rotated3.jpg,no fracture,191.13215894465893,0.18075300458299925,0.5773811670811482,0.9806215242933105,4.684805341055341,153.4476218515513,62.451929209183675,150528,70.14706388618224,0,False
./pages/models/Bone Fracture/Baseline/no fracture/16-rotated3-rotated1.jpg,no fracture,356.47761824324317,0.1764992701896107,0.5425768598349886,0.9647433548504416,6.34835505148005,305.65383426709155,61.008709343112244,150528,71.0058132694555,0,False
./pages/models/Bone Fracture/Baseline/no fracture/16-rotated3-rotated2-rotated1.jpg,no fracture,319.06358590733583,0.17407140425054202,0.5428542670168058,0.968454974596888,6.038610038610037,225.013705938769,62.07959980867347,150528,71.03837592850245,0,False
./pages/models/Bone Fracture/Baseline/no fracture/16-rotated3-rotated2-rotated2-rotated1.jpg,no fracture,122.91001045688546,0.20227764506772297,0.6316390931029647,0.9872637493612572,3.392756595881596,80.31809296582153,58.03270487882653,150528,69.40761111444561,0,False
./pages/models/Bone Fracture/Baseline/no fracture/16-rotated3-rotated2-rotated2.jpg,no fracture,127.4441562097812,0.18927689791118638,0.632183043369296,0.9868550976358519,3.3770310489060487,115.33223939488103,60.30951052295919,150528,69.61112419519111,0,False
./pages/models/Bone Fracture/Baseline/no fracture/16-rotated3-rotated2-rotated3-rotated1.jpg,no fracture,176.6490106177606,0.18644395391724078,0.5774480236537127,0.9821833583091951,4.79287323037323,104.57634585720953,60.802614795918366,150528,70.29458233961275,0,False
./pages/models/Bone Fracture/Baseline/no fracture/16-rotated3-rotated2-rotated3.jpg,no fracture,187.58632963320466,0.18048689599702308,0.5755292951190035,0.9809368951755313,4.626106016731017,140.62584447920298,62.66928411989796,150528,70.06909742530186,0,False
./pages/models/Bone Fracture/Baseline/no fracture/16-rotated3-rotated2.jpg,no fracture,373.28852960102967,0.18680516865858252,0.5596828474878972,0.9634238704423589,6.51295045045045,271.91573926638875,62.107003348214285,150528,71.33470150251638,0,False
./pages/models/Bone Fracture/Baseline/no fracture/16-rotated3-rotated3-rotated2-rotated1.jpg,no fracture,186.66539977477473,0.17575886102011562,0.5859490571086213,0.9808106831247763,4.2225506756756745,157.42783884781687,61.75713488520408,150528,69.69512096348708,0,False
./pages/models/Bone Fracture/Baseline/no fracture/16-rotated3-rotated3-rotated3-rotated1.jpg,no fracture,139.79824243886745,0.21058564751529307,0.6150588159435242,0.9856137442676656,3.9320905727155724,103.61544157931428,56.881756218112244,150528,69.61677588832552,0,False
./pages/models/Bone Fracture/Baseline/no fracture/16-rotated3-rotated3.jpg,no fracture,402.79729729729723,0.1792811908706412,0.5541004995524138,0.961244776483258,6.48403314028314,291.1855960223934,65.30173788265306,150528,72.03137155912655,0,False
./pages/models/Bone Fracture/Baseline/no fracture/16-rotated3.jpg,no fracture,427.6547820141569,0.18963124615266283,0.5559963834824169,0.9580828759610504,6.863597972972972,482.3064885566453,61.060327646683675,150528,71.30852696963298,0,False
./pages/models/Bone Fracture/Baseline/no fracture/17-rotated1-rotated2-rotated2-rotated1.jpg,no fracture,231.81593870656368,0.2703169958869522,0.5864051240063197,0.9628810137962308,4.8113939832689825,165.5014405415387,47.84267378826531,150528,55.79324119864651,369,False
./pages/models/Bone Fracture/Baseline/no fracture/17-rotated1-rotated2-rotated2.jpg,no fracture,117.10452863577864,0.2860399775860418,0.6256548692179186,0.9812468903196188,3.63465250965251,106.28465648771873,47.80990911989796,150528,56.075912033769335,423,False
./pages/models/Bone Fracture/Baseline/no fracture/17-rotated1-rotated2-rotated3.jpg,no fracture,104.2348174066924,0.28242128022337815,0.6508615459551443,0.9826493114637573,3.3043556949806945,97.16434780908894,43.98489317602041,150528,54.8894315878423,960,False
./pages/models/Bone Fracture/Baseline/no fracture/17-rotated1-rotated3-rotated1.jpg,no fracture,217.61408059845562,0.26893956741392533,0.5728305889217674,0.966371587751051,5.6818090411840405,140.79409254932835,46.382254464285715,150528,56.77797221611135,408,False
./pages/models/Bone Fracture/Baseline/no fracture/17-rotated1-rotated3-rotated2-rotated1.jpg,no fracture,97.60283944658947,0.2776440155869135,0.6499380182212469,0.9836531508396475,3.231700450450451,91.9735878670727,43.960957429846935,150528,54.67624273997926,948,False
./pages/models/Bone Fracture/Baseline/no fracture/17-rotated1-rotated3-rotated3.jpg,no fracture,134.30520028957528,0.2753758781261108,0.6462016128118362,0.97762766806513,3.525679697554698,157.58152744264615,44.03726881377551,150528,54.808118495927054,933,False
./pages/models/Bone Fracture/Baseline/no fracture/17-rotated1.jpg,no fracture,334.3522964929216,0.30696206547870775,0.613999059086372,0.9487301223633363,5.549046814671815,377.9294271663744,51.061403858418366,150528,56.97605709493509,408,False
./pages/models/Bone Fracture/Baseline/no fracture/17-rotated2-rotated1-rotated1-rotated1.jpg,no fracture,220.97683397683397,0.2651353063940184,0.5796055973593411,0.9660057000714101,5.149493243243244,134.16762818499737,48.43339445153061,150528,56.92094630935025,255,False
./pages/models/Bone Fracture/Baseline/no fracture/17-rotated2-rotated1-rotated1.jpg,no fracture,241.48218307593308,0.28608329571367425,0.6179945172432935,0.9601324928938022,4.78756435006435,229.12125769420146,46.705078125,150528,54.909930261914,897,False
./pages/models/Bone Fracture/Baseline/no fracture/17-rotated2-rotated1-rotated2-rotated1.jpg,no fracture,131.1424750643501,0.28289768532737086,0.6322806088428926,0.9788267705959685,3.6945181788931793,160.31327592904543,47.183952487244895,150528,55.825483933239624,660,False
./pages/models/Bone Fracture/Baseline/no fracture/17-rotated2-rotated1-rotated2.jpg,no fracture,130.9591377091377,0.28264046629169176,0.6321977471661501,0.9788588896059776,3.6900337837837838,160.1002981681617,47.18506855867347,150528,55.82930396940009,657,False
./pages/models/Bone Fracture/Baseline/no fracture/17-rotated2-rotated2-rotated1.jpg,no fracture,121.65719514157013,0.2762397171830415,0.6462090344914088,0.9796390961821256,3.607967342342342,113.56974649131423,43.87344547193877,150528,54.680635571143306,1071,False
./pages/models/Bone Fracture/Baseline/no fracture/17-rotated2-rotated2-rotated3.jpg,no fracture,267.2320020913772,0.2794201752965844,0.5862156111390914,0.9593815595992694,5.938565797940798,194.6712421256768,47.606525031887756,150528,57.23466129677772,384,False
./pages/models/Bone Fracture/Baseline/no fracture/17-rotated2-rotated2.jpg,no fracture,149.8039736164736,0.2881665033054415,0.6557120851982458,0.9751206816904735,3.798664736164736,180.59309262009967,43.88327088647959,150528,54.89349383678087,1086,False
./pages/models/Bone Fracture/Baseline/no fracture/17-rotated2-rotated3-rotated1-rotated1.jpg,no fracture,88.54719675032177,0.2824137703751023,0.6495812841170356,0.9851619612541066,3.104468307593308,72.18627236813916,44.51187818877551,150528,54.72638940144723,849,False
./pages/models/Bone Fracture/Baseline/no fracture/17-rotated2-rotated3-rotated2.jpg,no fracture,102.78816763191764,0.2757596640384607,0.6418867521254804,0.9829606262393065,3.2572796010296012,96.83324111754177,45.47869499362245,150528,55.05284328488189,822,False
./pages/models/Bone Fracture/Baseline/no fracture/17-rotated3-rotated1-rotated1.jpg,no fracture,224.7773286679536,0.2679450492894297,0.5734511659142232,0.9653954252127419,5.697976994851994,134.52619063382545,46.86724728954081,150528,56.88811429564659,348,False
./pages/models/Bone Fracture/Baseline/no fracture/17-rotated3-rotated1-rotated2-rotated1.jpg,no fracture,202.4821428571429,0.2703077629386307,0.5848708781662231,0.9680136634775209,5.008888352638353,109.13968755324052,46.316625478316325,150528,56.1624781070657,381,False
./pages/models/Bone Fracture/Baseline/no fracture/17-rotated3-rotated1-rotated3-rotated1.jpg,no fracture,190.75215170527673,0.28176195302809093,0.587970498315646,0.9694614368973599,5.502433236808237,88.76619151988066,44.20503826530612,150528,55.76735263310577,654,False
./pages/models/Bone Fracture/Baseline/no fracture/17-rotated3-rotated1-rotated3.jpg,no fracture,222.16568130630625,0.28318511654354167,0.593412500990527,0.9649474332404285,5.713219916344915,142.08709495596864,44.83904655612245,150528,56.16818883018567,651,False
./pages/models/Bone Fracture/Baseline/no fracture/17-rotated3-rotated1.jpg,no fracture,266.99943693693695,0.28362930074072634,0.5908910533024331,0.9591979664742423,5.6444256756756745,189.53197657153393,49.03854432397959,150528,57.082738578941914,261,False
./pages/models/Bone Fracture/Baseline/no fracture/17-rotated3-rotated2-rotated1-rotated1.jpg,no fracture,150.46008285070786,0.2840190571641796,0.6416400826207881,0.9749186731418239,3.958393661518662,111.03312991927537,43.37476084183673,150528,54.68645352445003,915,False
./pages/models/Bone Fracture/Baseline/no fracture/17-rotated3-rotated2-rotated2-rotated1.jpg,no fracture,134.5148206241956,0.2698839768633958,0.6381658831669306,0.9771020264005702,3.5347691441441444,114.16153043034375,45.34685905612245,150528,54.17197635918392,903,False
./pages/models/Bone Fracture/Baseline/no fracture/17-rotated3-rotated2-rotated2.jpg,no fracture,130.94827863577865,0.275008350451293,0.6422352091122672,0.9778148806680252,3.5351914414414414,186.67108919420926,45.35385443239796,150528,54.36376011163707,954,False
./pages/models/Bone Fracture/Baseline/no fracture/17-rotated3-rotated2-rotated3-rotated1.jpg,no fracture,174.5466739060489,0.2773020652186437,0.6227148874310638,0.9705426149723773,4.228784588159589,114.36598115600879,45.1335299744898,150528,54.30819027581548,831,False
./pages/models/Bone Fracture/Baseline/no fracture/17-rotated3-rotated3-rotated1-rotated1.jpg,no fracture,195.8670366795367,0.2746242648277869,0.5823186574147845,0.9688239821199264,5.531008687258687,93.40504098683284,44.46376753826531,150528,55.92848913595061,597,False
./pages/models/Bone Fracture/Baseline/no fracture/17-rotated3-rotated3-rotated2.jpg,no fracture,216.83403716216213,0.279729062090192,0.5882366432986411,0.9655650179036713,5.735058719433719,125.35905983983251,44.27838010204081,150528,55.990295741406065,735,False
./pages/models/Bone Fracture/Baseline/no fracture/17-rotated3-rotated3.jpg,no fracture,256.981800997426,0.2746562982138502,0.5832565406228304,0.9606705500734516,6.012045527670527,194.78110300307966,46.586694834183675,150528,57.034802076528564,474,False
./pages/models/Bone Fracture/Baseline/no fracture/17-rotated3.jpg,no fracture,317.3600788288288,0.3072981487560743,0.6147778315586809,0.9511743200894598,5.403153153153154,347.1329198672045,51.288444674744895,150528,56.879338380913666,369,False
./pages/models/Bone Fracture/Baseline/no fracture/18-rotated1-rotated1-rotated1-rotated1.jpg,no fracture,49.48626528314028,0.43978805053936837,0.7367604795683244,0.9872299883059318,1.8941240347490342,53.65488822099718,32.44120695153061,150528,44.03944761732005,4635,True
./pages/models/Bone Fracture/Baseline/no fracture/18-rotated1-rotated1-rotated1.jpg,no fracture,86.52823359073358,0.4529072808730143,0.7212215804066039,0.9782512886252746,2.470318532818532,75.37790461591463,33.396205357142854,150528,44.50139718069938,4539,True
./pages/models/Bone Fracture/Baseline/no fracture/18-rotated1-rotated1-rotated2.jpg,no fracture,85.10243725868725,0.43283312058260276,0.7249203795645484,0.9782331791849451,2.330196267696268,95.80360329980307,32.65802375637755,150528,44.1141895916337,4554,True
./pages/models/Bone Fracture/Baseline/no fracture/18-rotated1-rotated1-rotated3.jpg,no fracture,84.24064913127415,0.4325735153433699,0.7192020540441482,0.9784504609233473,2.254484395109395,97.66122249045604,32.6721340880102,150528,44.11880748688623,4608,True
./pages/models/Bone Fracture/Baseline/no fracture/18-rotated1-rotated1.jpg,no fracture,83.89947313384815,0.4539204060863448,0.7162086287545176,0.9794535719252022,2.465230855855856,157.26629294856596,34.36073022959184,150528,45.137195811966265,4437,True
./pages/models/Bone Fracture/Baseline/no fracture/18-rotated1-rotated2-rotated1-rotated1.jpg,no fracture,87.20581965894465,0.4247833009710568,0.6998802755025946,0.9779918334216657,2.8108309202059196,61.93575419211873,31.7587890625,150528,44.39988380166363,4611,True
./pages/models/Bone Fracture/Baseline/no fracture/18-rotated1-rotated2-rotated2.jpg,no fracture,86.62974581724583,0.4368527667817048,0.7217336105561114,0.9778264853344646,2.310328185328186,86.71096214380229,32.698162468112244,150528,44.0953275615306,4686,True
./pages/models/Bone Fracture/Baseline/no fracture/18-rotated1-rotated2-rotated3.jpg,no fracture,117.6862331081081,0.41277072874749876,0.6752862849658147,0.9707809222145911,3.521134974259974,89.83878588845262,31.486906090561224,150528,44.756352916442694,4575,True
./pages/models/Bone Fracture/Baseline/no fracture/18-rotated1-rotated2.jpg,no fracture,68.07858751608751,0.43914616918205357,0.7325757718246652,0.982634640616891,2.1624436936936933,100.9721307683021,32.230687978316325,150528,44.30692689028429,4725,True
./pages/models/Bone Fracture/Baseline/no fracture/18-rotated1-rotated3-rotated1-rotated1.jpg,no fracture,88.1708092020592,0.4072170635376824,0.6784931038144132,0.9778126242730681,2.942286036036037,76.5326288184341,31.389369419642858,150528,44.46717438301408,4554,True
./pages/models/Bone Fracture/Baseline/no fracture/18-rotated1-rotated3-rotated3-rotated1.jpg,no fracture,61.46995656370652,0.40482154618448557,0.6908467030311759,0.9844023184556409,2.447192728442727,53.04044940222408,31.421835140306122,150528,44.39171758550162,4590,True
./pages/models/Bone Fracture/Baseline/no fracture/18-rotated1-rotated3-rotated3.jpg,no fracture,79.83150337837836,0.39799618849413443,0.6776715483619942,0.9798942785110273,2.774070945945945,77.92535625006546,31.467055963010203,150528,44.53247190936961,4491,True
./pages/models/Bone Fracture/Baseline/no fracture/18-rotated1.jpg,no fracture,140.60191441441438,0.46228740661422757,0.7058893644345953,0.9662285406436606,3.1378297940797935,234.18792704233076,34.092075892857146,150528,45.515904875628934,4452,True
./pages/models/Bone Fracture/Baseline/no fracture/18-rotated2-rotated1-rotated1.jpg,no fracture,101.24971846846846,0.45616310350143463,0.708742743494197,0.9752193221092919,2.772240990990991,99.71028811134232,33.86957908163265,150528,45.09012166072465,4269,True
./pages/models/Bone Fracture/Baseline/no fracture/18-rotated2-rotated1-rotated2-rotated1.jpg,no fracture,78.34590170527672,0.45426985260875863,0.7250098166165541,0.980262088279736,2.2980011261261266,67.99726756738157,33.758868781887756,150528,44.45028052199869,4332,True
./pages/models/Bone Fracture/Baseline/no fracture/18-rotated2-rotated1-rotated2.jpg,no fracture,87.31032818532817,0.4552470551665124,0.7239613575336264,0.9781477193372394,2.4662966537966535,73.3529605746319,33.75952646683673,150528,44.594925707785514,4476,True
./pages/models/Bone Fracture/Baseline/no fracture/18-rotated2-rotated1.jpg,no fracture,64.42139237451738,0.4427217714393289,0.7374743516242647,0.9835724744989972,2.0524251930501936,97.95479257242822,32.608278858418366,150528,44.3141572599633,4758,True
./pages/models/Bone Fracture/Baseline/no fracture/18-rotated2-rotated2-rotated1-rotated1.jpg,no fracture,54.79307432432432,0.42203469300044427,0.7190662276995236,0.9859162357713044,2.122908622908623,57.09484316378224,31.921037946428573,150528,44.116711375434384,4566,True
./pages/models/Bone Fracture/Baseline/no fracture/18-rotated2-rotated2-rotated1.jpg,no fracture,108.28179295366792,0.4038873199148199,0.6683327261373089,0.9740846914798241,3.3651262870012855,70.50959597305179,33.283561862244895,150528,45.59682031847149,4170,True
./pages/models/Bone Fracture/Baseline/no fracture/18-rotated2-rotated2-rotated2-rotated1.jpg,no fracture,76.59879745817243,0.41201464307244784,0.6926931132659903,0.9805202943249997,2.591356981981981,81.96791512625558,31.505082110969386,150528,44.27640552008813,4569,True
./pages/models/Bone Fracture/Baseline/no fracture/18-rotated2-rotated2-rotated2.jpg,no fracture,69.39440556628057,0.42507092590441525,0.7077597017684828,0.982316811500223,2.384230212355212,84.76498082457658,31.770328443877553,150528,44.29638436789333,4755,True
./pages/models/Bone Fracture/Baseline/no fracture/18-rotated2-rotated2-rotated3-rotated1.jpg,no fracture,53.336731821106824,0.42687251849909197,0.7223779212301868,0.9862949593225098,2.096826737451737,54.71721374943872,31.929846938775512,150528,44.12476085501525,4581,True
./pages/models/Bone Fracture/Baseline/no fracture/18-rotated2-rotated2-rotated3.jpg,no fracture,60.188123391248375,0.4319690319181913,0.729044204070037,0.984577709297248,2.1166948198198194,74.88637159824967,32.07079081632653,150528,44.19775037503487,4719,True
./pages/models/Bone Fracture/Baseline/no fracture/18-rotated2-rotated3-rotated1-rotated1.jpg,no fracture,105.25293597168597,0.4367529395259691,0.6961255990804502,0.9741871791550312,3.0134330759330763,87.89398414797705,32.9817044005102,150528,45.039253359760664,4353,True
./pages/models/Bone Fracture/Baseline/no fracture/18-rotated2-rotated3-rotated1.jpg,no fracture,67.5759732947233,0.44723070933378267,0.7258440863910521,0.9829881803552447,2.1819498069498073,131.68984833105262,33.99017458545919,150528,44.538666844770326,4497,True
./pages/models/Bone Fracture/Baseline/no fracture/18-rotated2-rotated3-rotated2-rotated1.jpg,no fracture,62.76057754182754,0.42734735418315273,0.7209637324609608,0.9839518519510485,2.1742277992277987,81.14117140215868,31.98798230229592,150528,44.24449130714182,4704,True
./pages/models/Bone Fracture/Baseline/no fracture/18-rotated2-rotated3-rotated2.jpg,no fracture,68.79611084298584,0.44754259299167337,0.7347878835176129,0.9824648118605992,2.0728161196911197,112.04117205737779,32.70298549107143,150528,44.323549729259604,4719,True
./pages/models/Bone Fracture/Baseline/no fracture/18-rotated2-rotated3.jpg,no fracture,64.57012146074645,0.46154664415398167,0.7341671245427451,0.9838209676548596,2.118585102960103,97.85302284428201,33.989038584183675,150528,44.712532229001596,4446,True
./pages/models/Bone Fracture/Baseline/no fracture/18-rotated2.jpg,no fracture,76.31541586229085,0.4825438560869077,0.7448222893207266,0.9810091818447364,2.269566441441441,169.6800955053867,34.644312021683675,150528,44.87445618094213,4548,True
./pages/models/Bone Fracture/Baseline/no fracture/18-rotated3-rotated1-rotated2-rotated1.jpg,no fracture,73.31983992921492,0.3988387935053315,0.6822486833658974,0.9813766426680701,2.6409467503217505,65.51028730272502,31.425223214285715,150528,44.31570967134189,4554,True
./pages/models/Bone Fracture/Baseline/no fracture/18-rotated3-rotated1-rotated2.jpg,no fracture,93.36255228442728,0.41432733879674705,0.6875164592681594,0.9764771370283245,2.8533019626769622,93.02487197829902,31.435168207908163,150528,44.46357821398639,4671,True
./pages/models/Bone Fracture/Baseline/no fracture/18-rotated3-rotated1-rotated3-rotated1.jpg,no fracture,90.30658783783782,0.4066058086983062,0.6862879176022404,0.9771823374070402,2.956523487773487,69.15613306745395,31.206014827806122,150528,44.373809678075666,4587,True
./pages/models/Bone Fracture/Baseline/no fracture/18-rotated3-rotated1-rotated3.jpg,no fracture,87.37954472329473,0.42124417541918907,0.7173482744993748,0.9778431374671814,2.5329794079794077,95.12101718278191,31.60871731505102,150528,44.30472998352157,4716,True
./pages/models/Bone Fracture/Baseline/no fracture/18-rotated3-rotated1.jpg,no fracture,102.94864060489056,0.44178921315641756,0.721152897159888,0.9739315275758385,2.418959137709137,153.69389393427926,33.23104671556123,150528,44.343455048616214,4635,True
./pages/models/Bone Fracture/Baseline/no fracture/18-rotated3-rotated2-rotated1.jpg,no fracture,109.49406772844274,0.40520635033226915,0.6665486921928118,0.9740433168234726,3.334278474903475,79.33916115274234,32.829998405612244,150528,45.825869565090436,4149,True
./pages/models/Bone Fracture/Baseline/no fracture/18-rotated3-rotated2-rotated2.jpg,no fracture,102.24485199485193,0.4147056567919601,0.6896923497302907,0.9743700158490683,3.0785875160875147,87.07074523696994,31.564831792091837,150528,44.55143073473852,4557,True
./pages/models/Bone Fracture/Baseline/no fracture/18-rotated3-rotated2-rotated3-rotated1.jpg,no fracture,75.32118725868725,0.4259578826780446,0.7150404820005064,0.9807789623353599,2.439229407979408,56.79470628184709,32.002272002551024,150528,44.163369612171465,4599,True
./pages/models/Bone Fracture/Baseline/no fracture/18-rotated3-rotated2-rotated3.jpg,no fracture,83.75814430501927,0.4277380861557325,0.7258195548217342,0.978564417195048,2.314410392535392,81.81992110626145,32.48212292729592,150528,44.09790695582684,4707,True
./pages/models/Bone Fracture/Baseline/no fracture/18-rotated3-rotated2.jpg,no fracture,135.1436212998713,0.4073234499628632,0.6591911357008082,0.9681780284595881,3.651906370656371,124.54988569659223,32.86748644770408,150528,45.976931032085226,4317,True
./pages/models/Bone Fracture/Baseline/no fracture/18-rotated3-rotated3-rotated1-rotated1.jpg,no fracture,83.82239382239383,0.42059254337328045,0.6984364258926763,0.9787696418510136,2.7545447232947233,58.84863497286427,31.660016741071427,150528,44.319123348589315,4608,True
./pages/models/Bone Fracture/Baseline/no fracture/18-rotated3-rotated3-rotated2-rotated1.jpg,no fracture,91.66899935649936,0.4088086591044613,0.6828881431060739,0.9768877798631079,3.0200691763191765,64.74713940443668,31.469467474489797,150528,44.41459977298544,4578,True
./pages/models/Bone Fracture/Baseline/no fracture/18-rotated3-rotated3-rotated2.jpg,no fracture,88.3835464929215,0.4097418462384601,0.6984336985607896,0.9776854558001413,2.634551962676963,87.07097695917449,31.71807238520408,150528,44.40745387590842,4722,True
./pages/models/Bone Fracture/Baseline/no fracture/18-rotated3-rotated3-rotated3.jpg,no fracture,86.72944819819818,0.4122936999436719,0.718070439885601,0.9781487390981934,2.392414736164736,82.47879494433104,31.724689094387756,150528,44.443453070947776,4527,True
./pages/models/Bone Fracture/Baseline/no fracture/18-rotated3.jpg,no fracture,85.66558075933075,0.45901755404802924,0.73504526883015,0.9783898800897124,2.22771879021879,194.0622046012672,33.219646843112244,150528,44.55604824925081,4764,True
./pages/models/Bone Fracture/Baseline/no fracture/19-rotated1-rotated1-rotated2-rotated1.jpg,no fracture,131.91922055984554,0.2394487078040531,0.5789915100569495,0.9724139627735697,4.364925193050193,69.63066265633681,35.71924824617347,150528,48.78027294001089,3432,True
./pages/models/Bone Fracture/Baseline/no fracture/19-rotated1-rotated1-rotated2.jpg,no fracture,142.10251769626768,0.24561254041351852,0.6058744209939689,0.9702579310305828,4.189712033462033,96.53828415399985,36.00448421556123,150528,48.752846101642454,3492,True
./pages/models/Bone Fracture/Baseline/no fracture/19-rotated1-rotated1-rotated3-rotated1.jpg,no fracture,99.6500764157014,0.2504077969749714,0.6562726159127779,0.9789035635324437,3.126226673101673,75.2198360014935,35.92530293367347,150528,48.518127027524436,3522,True
./pages/models/Bone Fracture/Baseline/no fracture/19-rotated1-rotated1-rotated3.jpg,no fracture,106.5616151866152,0.25116052334804834,0.662559883665096,0.977507824996971,3.167189510939511,97.88158735937002,36.04609773596939,150528,48.62333270414181,3654,True
./pages/models/Bone Fracture/Baseline/no fracture/19-rotated1-rotated2-rotated1.jpg,no fracture,97.24806949806951,0.24026681040394965,0.65266468385484,0.9790360881551515,3.1454713642213643,103.20231708135768,36.76646205357143,150528,48.17213836593685,3630,True
./pages/models/Bone Fracture/Baseline/no fracture/19-rotated1-rotated2-rotated2-rotated1.jpg,no fracture,116.48891972329467,0.24599386916190505,0.6532439240424185,0.9751346122165512,3.3706362612612604,80.53396887185424,36.37372448979592,150528,48.27468354857348,3567,True
./pages/models/Bone Fracture/Baseline/no fracture/19-rotated1-rotated2-rotated3.jpg,no fracture,107.45762950450451,0.25124759208614084,0.664567968456379,0.9770651784483778,3.1534950128700125,104.3519725994188,36.48983577806123,150528,48.357256363338195,3636,True
./pages/models/Bone Fracture/Baseline/no fracture/19-rotated1-rotated3-rotated1-rotated1.jpg,no fracture,116.57537001287001,0.24292338815800144,0.6233396095129023,0.9755838221292317,3.6224662162162162,67.49904817464399,35.78623246173469,150528,48.74330252458648,3453,True
./pages/models/Bone Fracture/Baseline/no fracture/19-rotated1-rotated3-rotated1.jpg,no fracture,134.75935086872585,0.23705946713949097,0.6164387632693923,0.9717821455998221,3.8066481660231664,98.07064009685907,35.87220982142857,150528,48.750461268376164,3570,True
./pages/models/Bone Fracture/Baseline/no fracture/19-rotated1-rotated3-rotated2.jpg,no fracture,146.38364703989703,0.2404475277342463,0.5887267517467841,0.9694668678129846,4.364301801801802,97.0207776562565,35.90166613520408,150528,48.83917529464681,3522,True
./pages/models/Bone Fracture/Baseline/no fracture/19-rotated1-rotated3-rotated3-rotated1.jpg,no fracture,113.56929697554699,0.2382704332168867,0.6291299159708095,0.9761897794199582,3.5248954311454317,68.58148683820453,35.80845424107143,150528,48.71983753697382,3555,True
./pages/models/Bone Fracture/Baseline/no fracture/19-rotated1-rotated3-rotated3.jpg,no fracture,133.372606981982,0.23867885911330208,0.6151855063633234,0.9722067809570919,3.852014961389961,93.02341214243148,35.81176259566327,150528,48.864682916006984,3531,True
./pages/models/Bone Fracture/Baseline/no fracture/19-rotated1-rotated3.jpg,no fracture,169.4542109073359,0.24511165953416017,0.6052062975984802,0.9647789114851397,4.404379826254826,159.876791269667,35.89048549107143,150528,48.92088647322492,3651,True
./pages/models/Bone Fracture/Baseline/no fracture/19-rotated2-rotated1-rotated3.jpg,no fracture,113.09783220720723,0.25192822059212366,0.6580844916633407,0.975676325314278,3.2770471364221367,104.8543476961097,36.86362005739796,150528,48.13692531978048,3600,True
./pages/models/Bone Fracture/Baseline/no fracture/19-rotated2-rotated2-rotated3.jpg,no fracture,128.90743645431144,0.23603768352181156,0.6284368372602327,0.9727681220738331,3.6169763513513504,103.6049391533225,36.206373565051024,150528,48.54703012834055,3681,True
./pages/models/Bone Fracture/Baseline/no fracture/19-rotated2-rotated3-rotated1.jpg,no fracture,147.62399453024454,0.2408496988578331,0.5849943387073693,0.9693219217363503,4.405767374517374,98.54070815777891,35.65449617346939,150528,48.93426557587475,3558,True
./pages/models/Bone Fracture/Baseline/no fracture/19-rotated2-rotated3.jpg,no fracture,175.9103322072072,0.24596821609604855,0.584031214260509,0.9636191768455272,4.753720238095238,168.1378475123274,35.69712611607143,150528,49.045181735157925,3642,True
./pages/models/Bone Fracture/Baseline/no fracture/19-rotated3-rotated1-rotated1.jpg,no fracture,95.89510939510939,0.23943859024172484,0.6554684082752471,0.9794331281454183,3.146114864864865,98.57802565581399,36.81786112882653,150528,48.277570576903344,3708,True
./pages/models/Bone Fracture/Baseline/no fracture/19-rotated3-rotated1-rotated2-rotated1.jpg,no fracture,124.35993806306307,0.2353067114379026,0.5941025197008586,0.9738419617510622,4.051540379665381,69.42304836338334,35.997189891581634,150528,48.63608374914716,3513,True
./pages/models/Bone Fracture/Baseline/no fracture/19-rotated3-rotated1-rotated3-rotated1.jpg,no fracture,124.72981016731016,0.2346503826531507,0.583458080212959,0.9738941922877646,4.120736808236807,69.67186472367268,35.78350207270408,150528,48.76492265370377,3447,True
./pages/models/Bone Fracture/Baseline/no fracture/19-rotated3-rotated2-rotated2-rotated1.jpg,no fracture,125.51910392535393,0.2320372422446495,0.6035257854859715,0.9735518362114993,3.9245495495495497,79.90871475160941,36.109793526785715,150528,48.59209491477735,3531,True
./pages/models/Bone Fracture/Baseline/no fracture/19-rotated3-rotated2-rotated3-rotated1.jpg,no fracture,142.8833252895753,0.23885961646839432,0.6028430222089142,0.9701223963095505,4.170527670527671,102.71439949744246,36.04009885204081,150528,48.77851062419514,3546,True
./pages/models/Bone Fracture/Baseline/no fracture/19-rotated3-rotated2-rotated3.jpg,no fracture,161.14388272200773,0.2390708065746773,0.6098459626682923,0.966443211671761,4.197092181467181,160.58605135941892,36.15349968112245,150528,48.885455322182274,3660,True
./pages/models/Bone Fracture/Baseline/no fracture/19-rotated3-rotated3-rotated1-rotated1.jpg,no fracture,114.00221203346203,0.2408809007189815,0.6400193920046439,0.9760611519733713,3.372747747747747,93.48132088719582,35.98700573979592,150528,48.73607441242981,3516,True
./pages/models/Bone Fracture/Baseline/no fracture/19-rotated3-rotated3-rotated2-rotated1.jpg,no fracture,138.96016328828827,0.23431362423227242,0.6056426378445228,0.9708623177875052,4.024714446589446,98.3686020706952,36.10247927295919,150528,48.71541671590972,3537,True
./pages/models/Bone Fracture/Baseline/no fracture/19-rotated3-rotated3-rotated3-rotated1.jpg,no fracture,152.57607384169887,0.23850852024188074,0.5632579336763012,0.9683360037099744,4.760959620334622,95.41948895372983,35.68389269770408,150528,48.972271205856025,3534,True
./pages/models/Bone Fracture/Baseline/no fracture/19-rotated3-rotated3-rotated3.jpg,no fracture,177.6575973294723,0.24452158873773788,0.5717722488088212,0.963378974130925,4.920949967824969,165.38593772370237,35.76167889030612,150528,49.13189071135624,3531,True
./pages/models/Bone Fracture/Baseline/no fracture/19-rotated3-rotated3.jpg,no fracture,150.33270994208493,0.2440261019079345,0.6403818857413499,0.9683535241582358,3.7544039575289574,174.47239702495625,36.475665656887756,150528,48.624256142287315,3645,True
./pages/models/Bone Fracture/Baseline/no fracture/19.jpg,no fracture,32.40430586305863,0.3365702827605314,0.801235804200086,0.993116432064809,1.1876826568265684,85.91742066269376,37.986095004095006,3663000,48.507755333921715,96804,True
./pages/models/Bone Fracture/Baseline/no fracture/20-rotated1-rotated1-rotated1.jpg,no fracture,149.8262548262548,0.24050519397018627,0.6188766458043761,0.9775318181815547,4.3778957528957525,124.8462542427028,50.425223214285715,150528,57.65110528825816,681,False
./pages/models/Bone Fracture/Baseline/no fracture/20-rotated1-rotated1-rotated2-rotated1.jpg,no fracture,131.61058156370652,0.2221532984486491,0.6057972726792552,0.980365180060199,4.24664173101673,109.10157101594226,49.977220184948976,150528,57.83962493882066,519,False
./pages/models/Bone Fracture/Baseline/no fracture/20-rotated1-rotated1-rotated3-rotated1.jpg,no fracture,155.0946348133848,0.23525603435581666,0.5954004685828145,0.9769362911753698,4.921090733590733,95.9128365030094,47.44005102040816,150528,57.86222586961794,633,False
./pages/models/Bone Fracture/Baseline/no fracture/20-rotated1-rotated1-rotated3.jpg,no fracture,169.60143178893182,0.23492286218884842,0.6051933356024884,0.9748207630717604,4.909025096525097,120.52599084600715,47.991131218112244,150528,57.9045490744851,861,False
./pages/models/Bone Fracture/Baseline/no fracture/20-rotated1-rotated1.jpg,no fracture,208.86802203989703,0.23213826916271635,0.6152746043918214,0.9703315424742553,5.2317607786357785,189.22149505519903,50.185965401785715,150528,59.25219506074035,651,False
./pages/models/Bone Fracture/Baseline/no fracture/20-rotated1-rotated2-rotated1.jpg,no fracture,140.01472007722006,0.2372798657757282,0.6116608006620795,0.9788312599094539,4.300233268983269,133.1736913992434,51.34355070153061,150528,57.48594199840114,672,False
./pages/models/Bone Fracture/Baseline/no fracture/20-rotated1-rotated2-rotated2.jpg,no fracture,171.11168758043758,0.23634864651437293,0.6295830444434315,0.9749044829986981,4.550112612612613,139.5126165702213,49.586017219387756,150528,58.26882523180909,588,False
./pages/models/Bone Fracture/Baseline/no fracture/20-rotated1-rotated2-rotated3.jpg,no fracture,169.08083976833973,0.23553743219611037,0.6044867371008709,0.9747978871593798,4.801077863577863,125.60130304616972,48.49362244897959,150528,57.79045738758813,870,False
./pages/models/Bone Fracture/Baseline/no fracture/20-rotated1-rotated3-rotated1.jpg,no fracture,197.6588642213642,0.22544868730204484,0.6122533373150038,0.971541736960475,5.04753861003861,145.24342332805807,48.89634486607143,150528,58.82477362253115,513,False
./pages/models/Bone Fracture/Baseline/no fracture/20-rotated1-rotated3-rotated2-rotated1.jpg,no fracture,131.5276705276705,0.22127808842424407,0.6092802871131235,0.9803782946985043,4.173584298584298,95.79365114349467,50.025111607142854,150528,57.84968473882702,498,False
./pages/models/Bone Fracture/Baseline/no fracture/20-rotated1-rotated3-rotated2.jpg,no fracture,142.91622425997426,0.22517901241582025,0.6046786585248305,0.9787599035502001,4.310891248391248,125.08595171018426,50.02847975127551,150528,57.97611642892746,699,False
./pages/models/Bone Fracture/Baseline/no fracture/20-rotated1-rotated3-rotated3-rotated1.jpg,no fracture,124.1305501930502,0.22829066735788242,0.6077170537614004,0.9814582095604296,4.133244851994852,88.8043985108642,50.0390625,150528,57.82494650862797,474,False
./pages/models/Bone Fracture/Baseline/no fracture/20-rotated1-rotated3-rotated3.jpg,no fracture,145.73186132561133,0.2288692641166944,0.6135925748474848,0.9783564430417822,4.299589768339769,123.14672362173862,50.04257015306123,150528,57.98983816428818,582,False
./pages/models/Bone Fracture/Baseline/no fracture/20-rotated1-rotated3.jpg,no fracture,217.12136019948517,0.2370817291359151,0.6174678513891305,0.9689175901418998,5.241976351351351,225.10372868839377,48.92851163903061,150528,59.00011967544254,702,False
./pages/models/Bone Fracture/Baseline/no fracture/20-rotated1.jpg,no fracture,192.76530324967825,0.2597004383052474,0.625183514506903,0.9712325293959323,4.657758204633206,291.14487165731475,52.6806640625,150528,57.84222489421856,960,False
./pages/models/Bone Fracture/Baseline/no fracture/20-rotated2-rotated1-rotated1.jpg,no fracture,141.71430582368083,0.2318224055201633,0.6174509440472999,0.9796181160776438,4.271175193050194,107.32177813179241,50.987324617346935,150528,58.91088478127133,360,False
./pages/models/Bone Fracture/Baseline/no fracture/20-rotated2-rotated1-rotated2-rotated1.jpg,no fracture,164.80610521235516,0.23357217329778582,0.5806772070191828,0.975688492514739,5.256998069498069,113.32305626946658,46.92420679209184,150528,58.09939788197511,654,False
./pages/models/Bone Fracture/Baseline/no fracture/20-rotated2-rotated1-rotated2.jpg,no fracture,178.24877332689826,0.2339840491515328,0.5901538793643125,0.9736867109270002,5.237069658944659,130.38791931991227,47.283860809948976,150528,58.07403782234219,822,False
./pages/models/Bone Fracture/Baseline/no fracture/20-rotated2-rotated1-rotated3.jpg,no fracture,164.64466698841701,0.2244658901263075,0.589296448661986,0.9753903624650532,4.8423825611325615,157.0337065172811,48.15338010204081,150528,57.736237203946004,822,False
./pages/models/Bone Fracture/Baseline/no fracture/20-rotated2-rotated2-rotated1-rotated1.jpg,no fracture,127.87508043758042,0.22482156328875144,0.6100668090765228,0.9807724838223675,4.155324967824967,101.07766065077203,48.03431919642857,150528,57.6112397422737,711,False
./pages/models/Bone Fracture/Baseline/no fracture/20-rotated2-rotated2-rotated2.jpg,no fracture,164.77477477477476,0.22495277518717854,0.5931930379239472,0.975395478235529,4.824324324324324,151.49792147298396,48.07613201530612,150528,57.76603917287708,804,False
./pages/models/Bone Fracture/Baseline/no fracture/20-rotated2-rotated3-rotated2.jpg,no fracture,156.35513191763187,0.23617899501457898,0.6130427841836841,0.9765984430194192,4.518098455598454,124.25462572915214,49.667889030612244,150528,57.68998043793232,783,False
./pages/models/Bone Fracture/Baseline/no fracture/20-rotated2-rotated3-rotated3-rotated1.jpg,no fracture,148.81613980051478,0.2227244763085563,0.5921015444833522,0.9777196572126082,4.682573198198197,118.33153438766716,47.85132334183673,150528,57.68794443553823,765,False
./pages/models/Bone Fracture/Baseline/no fracture/20-rotated2-rotated3-rotated3.jpg,no fracture,172.68381998069498,0.23526297098041232,0.6007180595031281,0.9743140974358706,4.983047779922781,124.29177509094967,47.868243781887756,150528,57.849750127004846,819,False
./pages/models/Bone Fracture/Baseline/no fracture/20-rotated2-rotated3.jpg,no fracture,213.91743082368086,0.23793020020897235,0.5960350733518287,0.9685259451546394,5.538610038610038,185.19225702718717,47.28364158163265,150528,58.27649010303108,924,False
./pages/models/Bone Fracture/Baseline/no fracture/20-rotated2.jpg,no fracture,216.99796895109392,0.25404027402677143,0.621601615521949,0.9682332707306538,4.943271396396396,323.53714653334475,52.662029655612244,150528,58.35777921569361,837,False
./pages/models/Bone Fracture/Baseline/no fracture/20-rotated3-rotated1-rotated1-rotated1.jpg,no fracture,150.9880349099099,0.2163075981459278,0.6057683074569967,0.978255131433461,4.42750563063063,93.75481307670405,50.30941087372449,150528,58.85387402412172,255,False
./pages/models/Bone Fracture/Baseline/no fracture/20-rotated3-rotated1-rotated3-rotated1.jpg,no fracture,184.8565999034749,0.2193581482987259,0.6027173074046588,0.9734284879634288,4.945523648648647,102.11325677897918,50.01781728316327,150528,58.88526413101257,270,False
./pages/models/Bone Fracture/Baseline/no fracture/20-rotated3-rotated2-rotated1.jpg,no fracture,251.956060971686,0.23649388760276363,0.6194725113190557,0.9643809314849119,5.4578305984556,340.3096298843759,51.00916772959184,150528,59.361799986600495,663,False
./pages/models/Bone Fracture/Baseline/no fracture/20-rotated3-rotated2-rotated2-rotated1.jpg,no fracture,161.35129102316603,0.2319815514146102,0.5922204633738734,0.9760478104814141,5.086812258687258,86.51723287940672,47.005440848214285,150528,58.013686670408426,606,False
./pages/models/Bone Fracture/Baseline/no fracture/20-rotated3-rotated2-rotated2.jpg,no fracture,203.07378137065635,0.2273365783012671,0.5982434319730228,0.9701653059938887,5.3196790540540535,186.6506866858632,47.88432716836735,150528,58.26442342636488,690,False
./pages/models/Bone Fracture/Baseline/no fracture/20-rotated3-rotated2-rotated3.jpg,no fracture,183.72665299227796,0.23203659044738817,0.5939928772743807,0.9728608618490764,5.276846042471043,122.69908109519541,47.182975924744895,150528,58.16832053268215,822,False
./pages/models/Bone Fracture/Baseline/no fracture/20-rotated3-rotated3-rotated1.jpg,no fracture,190.7570785070785,0.2368616647192163,0.5939020350448004,0.9718563951173472,5.351552445302444,127.80419703852581,46.91470025510204,150528,58.17952184865138,804,False
./pages/models/Bone Fracture/Baseline/no fracture/20-rotated3-rotated3-rotated2-rotated1.jpg,no fracture,134.13083172458175,0.2264320358343075,0.6117381539761368,0.9804625341753298,4.2367277992278,115.45271248362656,48.43893494897959,150528,58.52519252774,387,False
./pages/models/Bone Fracture/Baseline/no fracture/20-rotated3-rotated3-rotated3-rotated1.jpg,no fracture,158.90713481338477,0.23316146987519734,0.584950663136146,0.9765722886551089,5.052847490347489,106.581237511752,47.01510682397959,150528,58.11686197505193,654,False
./pages/models/Bone Fracture/Baseline/no fracture/20-rotated3-rotated3.jpg,no fracture,212.3961550836551,0.23983666192128536,0.6032317373470489,0.9688352573454799,5.4814591377091375,180.7843854682538,47.52128507653061,150528,58.36646910641948,936,False
./pages/models/Bone Fracture/Baseline/no fracture/20-rotated3.jpg,no fracture,240.4278072715572,0.23783185976077575,0.6009458646220107,0.9647554854429417,5.653635778635778,336.3486740703337,47.86957908163265,150528,58.26560931274625,1164,False
./pages/models/Bone Fracture/Baseline/no fracture/21-rotated1-rotated1-rotated1-rotated1.jpg,no fracture,99.19522200772201,0.3067141596473035,0.6587537638627063,0.9805267983007719,3.0152027027027026,87.07834142210683,42.84317203443877,150528,50.424509484406926,1617,False
./pages/models/Bone Fracture/Baseline/no fracture/21-rotated1-rotated1-rotated1.jpg,no fracture,157.4385859073359,0.28538249468788285,0.6231559412860549,0.970658328466954,4.378257722007723,103.79321148573283,43.21113679846939,150528,51.67796426069707,1335,False
./pages/models/Bone Fracture/Baseline/no fracture/21-rotated1-rotated1-rotated2-rotated1.jpg,no fracture,128.1979568854569,0.281484584388862,0.6332921069499015,0.9755804466205517,3.826134169884171,79.31348185279082,41.8115234375,150528,51.131832133780144,1479,False
./pages/models/Bone Fracture/Baseline/no fracture/21-rotated1-rotated1-rotated2.jpg,no fracture,148.63670366795367,0.30053840296352835,0.6438507074760548,0.9718679556706431,3.9947715572715574,112.85432732100291,41.827766262755105,150528,51.274972441424445,1605,False
./pages/models/Bone Fracture/Baseline/no fracture/21-rotated1-rotated1-rotated3-rotated1.jpg,no fracture,88.38698519948518,0.30240643125435,0.7061493529247628,0.9830942166000123,2.4520592020592016,92.72269863548104,41.38905054209184,150528,51.08821104914991,1623,False
./pages/models/Bone Fracture/Baseline/no fracture/21-rotated1-rotated1-rotated3.jpg,no fracture,81.82790379665377,0.3127961267926969,0.7072245544006539,0.9841990183915784,2.39760296010296,100.90796598738704,42.04410475127551,150528,50.903242086632886,1716,False
./pages/models/Bone Fracture/Baseline/no fracture/21-rotated1-rotated2-rotated1.jpg,no fracture,166.4071348133848,0.281377914529804,0.6213324376812779,0.9693505588940122,4.627935971685971,101.23605883970504,42.752072704081634,150528,51.98320251694949,1353,False
./pages/models/Bone Fracture/Baseline/no fracture/21-rotated1-rotated2-rotated3-rotated1.jpg,no fracture,117.10090894465893,0.3000340963358577,0.6604566443051908,0.9775247300463279,3.2980212355212353,88.29514109338635,41.67456552933673,150528,50.92799518897051,1584,False
./pages/models/Bone Fracture/Baseline/no fracture/21-rotated1-rotated2-rotated3.jpg,no fracture,105.87797619047616,0.299719505103538,0.6650302917521617,0.979639390912893,2.9546734234234227,132.12813441607418,41.85004783163265,150528,50.973774128599985,1698,False
./pages/models/Bone Fracture/Baseline/no fracture/21-rotated1-rotated3-rotated1-rotated1.jpg,no fracture,127.09891811454314,0.2965964138278207,0.6564906883421371,0.9762984636876969,3.5930059523809526,77.47089523854031,40.56875797193877,150528,51.66152920528525,1494,False
./pages/models/Bone Fracture/Baseline/no fracture/21-rotated1-rotated3-rotated1.jpg,no fracture,118.2327461389961,0.28929343793712453,0.6489089947602004,0.9775685167586894,3.2478281853281845,139.8642866519132,42.36924027423469,150528,51.29263332300159,1524,False
./pages/models/Bone Fracture/Baseline/no fracture/21-rotated1-rotated3-rotated2-rotated1.jpg,no fracture,102.79110360360363,0.29305378715751157,0.6699071061009304,0.9807399822882134,2.9212113899613907,93.85154532671274,40.67336973852041,150528,51.57313237947851,1503,False
./pages/models/Bone Fracture/Baseline/no fracture/21-rotated1-rotated3-rotated2.jpg,no fracture,141.12948439510936,0.29973823406333794,0.6645928845201324,0.9737456340329633,3.5356941763191756,115.20238074120361,40.70009566326531,150528,51.71968717157957,1560,False
./pages/models/Bone Fracture/Baseline/no fracture/21-rotated1-rotated3-rotated3-rotated1.jpg,no fracture,122.30522039897039,0.29739619046800236,0.6728717731185907,0.9770409929468226,3.172699485199485,93.43873991483653,40.795001594387756,150528,51.48741041894217,1476,False
./pages/models/Bone Fracture/Baseline/no fracture/21-rotated1-rotated3-rotated3.jpg,no fracture,101.1153877091377,0.28870261252123297,0.688380853761306,0.980838994235703,2.684684684684685,108.17278897032448,41.25273038903061,150528,51.345839668218396,1527,False
./pages/models/Bone Fracture/Baseline/no fracture/21-rotated1-rotated3.jpg,no fracture,87.45374839124838,0.29639307716519364,0.6688081165244275,0.9834612646619296,2.850908944658945,122.26469043094583,42.374382174744895,150528,51.48555836196303,1608,False
./pages/models/Bone Fracture/Baseline/no fracture/21-rotated1.jpg,no fracture,113.48250482625483,0.31641682225709267,0.6783977489034866,0.9780753843734754,3.0478603603603607,237.8517857507486,43.42562181122449,150528,50.93857995063845,1803,False
./pages/models/Bone Fracture/Baseline/no fracture/21-rotated2-rotated1-rotated2-rotated1.jpg,no fracture,63.590974903474915,0.30098571521760387,0.6782543942717927,0.9876195975871777,2.5319739382239383,79.2613624591025,42.558314732142854,150528,50.708525313235405,1674,False
./pages/models/Bone Fracture/Baseline/no fracture/21-rotated2-rotated1-rotated3-rotated1.jpg,no fracture,120.7500201093951,0.28646562527846187,0.6310319993983018,0.9770684450783391,3.5804174710424705,80.80851125816463,42.547971141581634,150528,51.224458258075806,1425,False
./pages/models/Bone Fracture/Baseline/no fracture/21-rotated2-rotated2-rotated1-rotated1.jpg,no fracture,127.42833011583012,0.2817237985973667,0.621338816949659,0.9757358343774677,3.7961711711711708,78.1555196685823,42.6455078125,150528,51.15251072649768,1407,False
./pages/models/Bone Fracture/Baseline/no fracture/21-rotated2-rotated2-rotated1.jpg,no fracture,119.98009169884169,0.30344572382106966,0.6868179562296132,0.977506974344439,3.0003619691119687,129.02424729580383,41.02674585459184,150528,51.54167214377216,1590,False
./pages/models/Bone Fracture/Baseline/no fracture/21-rotated2-rotated2-rotated2-rotated1.jpg,no fracture,151.92780727155724,0.2930206660724539,0.6354416002716168,0.9713877364182412,4.178933397683397,104.81003721452464,42.49639269770408,150528,51.40518002326823,1494,False
./pages/models/Bone Fracture/Baseline/no fracture/21-rotated2-rotated2-rotated2.jpg,no fracture,177.62536196911194,0.28889668633176224,0.6344923767980837,0.9666665590890278,4.30152027027027,173.63951106033733,42.65766501913265,150528,51.49448682132624,1452,False
./pages/models/Bone Fracture/Baseline/no fracture/21-rotated2-rotated2.jpg,no fracture,123.3934202059202,0.3056048120082936,0.6963431564391985,0.9768445898265535,2.895431145431145,162.84346814733502,41.25556042729592,150528,51.57006862135848,1677,False
./pages/models/Bone Fracture/Baseline/no fracture/21-rotated2-rotated3-rotated1-rotated1.jpg,no fracture,142.09873712998711,0.28985952973788714,0.6287104444422192,0.9733649798878862,4.232746138996139,76.3279916794287,42.125318877551024,150528,51.52830924141039,1449,False
./pages/models/Bone Fracture/Baseline/no fracture/21-rotated2-rotated3-rotated1.jpg,no fracture,111.26944578507079,0.29339474286080225,0.6752658835620082,0.9791566582902311,2.989161036036036,104.52144285938434,40.96468431122449,150528,51.60967720787552,1623,False
./pages/models/Bone Fracture/Baseline/no fracture/21-rotated2-rotated3.jpg,no fracture,139.63887548262548,0.2987045758897736,0.6755522879068082,0.9740709764471113,3.2788770913770913,164.02601460048132,41.032306281887756,150528,51.802622053489245,1551,False
./pages/models/Bone Fracture/Baseline/no fracture/21-rotated2.jpg,no fracture,212.01486084298583,0.2947992165714182,0.6317645925744784,0.960835953293459,4.733208655083653,275.22876394574513,43.53408003826531,150528,51.903947872488196,1497,False
./pages/models/Bone Fracture/Baseline/no fracture/21.jpg,no fracture,35.417635353535346,0.3536665846617626,0.7944726079362056,0.9932342484147548,1.2584717171717168,126.2404136537071,45.398627852002456,2974752,51.15776058791928,38937,True
./pages/models/Bone Fracture/Baseline/no fracture/4-rotated2-rotated3-rotated2-rotated1.jpg,no fracture,100.58087998712999,0.138652567272346,0.5587382158591336,0.9736950430004488,3.6745495495495497,111.49354023200578,70.85323660714286,150528,43.968291338456105,0,False
./pages/models/Bone Fracture/Baseline/no fracture/4-rotated2-rotated3-rotated3-rotated1.jpg,no fracture,128.95845398970403,0.17062702479980463,0.4696134097136416,0.9702094183169414,5.271356177606178,106.3477474019608,67.47086256377551,150528,46.66285356601197,0,False
./pages/models/Bone Fracture/Baseline/no fracture/4-rotated2-rotated3-rotated3.jpg,no fracture,148.1758164414414,0.17232675065472555,0.4708493943904974,0.9658012840479875,5.574867277992278,131.93427909269576,67.69961734693878,150528,46.64964550641285,3,False
./pages/models/Bone Fracture/Baseline/no fracture/4-rotated3-rotated1-rotated1-rotated1.jpg,no fracture,122.0357142857143,0.16342806120068903,0.4817219667644553,0.9711159519550036,4.959379021879023,84.7847919928834,68.26634247448979,150528,46.08285187647283,0,False
./pages/models/Bone Fracture/Baseline/no fracture/4-rotated3-rotated1-rotated1.jpg,no fracture,152.18782175032175,0.12833972402780514,0.5295850692699173,0.9526517729510041,4.402308558558558,273.94381546725936,74.9573899872449,150528,40.42733922054653,66,False
./pages/models/Bone Fracture/Baseline/no fracture/4-rotated3-rotated1-rotated2.jpg,no fracture,132.80692969755472,0.15077663254674897,0.4959009835427356,0.9675489671207579,4.771858912483913,165.80034995565603,69.29368622448979,150528,45.43344481941907,3,False
./pages/models/Bone Fracture/Baseline/no fracture/4-rotated3-rotated1-rotated3-rotated1.jpg,no fracture,125.2653635778636,0.16468309102293027,0.47221827640528186,0.9706681993964834,5.1266891891891895,119.59611651044443,67.78663105867346,150528,46.35541705703457,3,False
./pages/models/Bone Fracture/Baseline/no fracture/4-rotated3-rotated2-rotated2-rotated1.jpg,no fracture,114.97007722007723,0.1304801840121603,0.5272919689804926,0.9695082978274348,4.12230534105534,135.14770474725842,71.2646484375,150528,43.69015648706202,3,False
./pages/models/Bone Fracture/Baseline/no fracture/4-rotated3-rotated2-rotated2.jpg,no fracture,139.46161116473618,0.13374233719246523,0.5087703141214353,0.9633294091911178,4.587053571428572,213.30672252421476,71.29765226403062,150528,43.88452522016571,21,False
./pages/models/Bone Fracture/Baseline/no fracture/4-rotated3-rotated3-rotated1.jpg,no fracture,115.8850949163449,0.12796194342171063,0.5310517484778391,0.9636177180840301,4.0409025096525095,148.24913541419664,74.93379304846938,150528,40.206018417921236,0,False
./pages/models/Bone Fracture/Baseline/no fracture/4-rotated3-rotated3-rotated2-rotated1.jpg,no fracture,98.91743082368082,0.1569823755191361,0.5637015864704832,0.9753771281180099,3.659668597168596,133.66897377735472,69.77174346301021,150528,44.95760004199768,6,False
./pages/models/Bone Fracture/Baseline/no fracture/4-rotated3-rotated3-rotated2.jpg,no fracture,98.85201496138995,0.15818864032517546,0.5646883469224141,0.9753977296052226,3.6558679214929213,133.86331353272956,69.76709980867346,150528,44.96143257827397,6,False
./pages/models/Bone Fracture/Baseline/no fracture/4-rotated3-rotated3-rotated3-rotated1.jpg,no fracture,101.17828989703989,0.1544284326792804,0.5692544446314033,0.974961735642122,3.6327220077220077,122.66126457724359,69.29834980867346,150528,45.15246539454341,0,False
./pages/models/Bone Fracture/Baseline/no fracture/4-rotated3-rotated3.jpg,no fracture,145.87300916988417,0.1343801590011606,0.5443275371427642,0.9545053579298917,4.304235038610039,244.04691765875384,74.97114158163265,150528,40.38478929514958,33,False
./pages/models/Bone Fracture/Baseline/no fracture/4-rotated3.jpg,no fracture,177.48264559202056,0.15265008581173306,0.5058985988879512,0.9557027044759531,5.087938384813386,419.44817920606965,70.6484375,150528,44.861832697227186,117,False
./pages/models/Bone Fracture/Baseline/no fracture/5-rotated1-rotated1-rotated1-rotated1.jpg,no fracture,128.03667953667954,0.1907015654742792,0.5671944450038565,0.9788386215183403,3.8689269626769627,114.84078869507842,47.48519212372449,150528,54.91588662445285,495,False
./pages/models/Bone Fracture/Baseline/no fracture/5-rotated1-rotated1-rotated2.jpg,no fracture,146.8854166666667,0.19642666763524175,0.570738156891528,0.9758106041767927,4.058799871299872,136.79438905306827,47.62842793367347,150528,55.02848476969919,552,False
./pages/models/Bone Fracture/Baseline/no fracture/5-rotated1-rotated1-rotated3.jpg,no fracture,157.64782416344914,0.20345527879645486,0.5604505242072003,0.974526056717863,4.430964446589447,131.71531056305213,46.345583545918366,150528,55.52534382627041,537,False
./pages/models/Bone Fracture/Baseline/no fracture/5-rotated1-rotated1.jpg,no fracture,144.94144144144147,0.2080221744870932,0.5537221410229056,0.9758410469073476,4.223013191763192,271.68513483049867,48.058713329081634,150528,54.793633351603795,570,False
./pages/models/Bone Fracture/Baseline/no fracture/5-rotated1-rotated2-rotated1-rotated1.jpg,no fracture,143.47852316602317,0.20499886112488128,0.535728564616267,0.9768850283257622,4.593709781209781,87.45026368749285,45.89325573979592,150528,55.610447656059215,519,False
./pages/models/Bone Fracture/Baseline/no fracture/5-rotated1-rotated2-rotated2-rotated1.jpg,no fracture,135.55031370656368,0.19518398560046676,0.5789606023103766,0.9778790088661897,3.864462676962676,147.0468258835881,46.91619499362245,150528,55.315126011389104,552,False
./pages/models/Bone Fracture/Baseline/no fracture/5-rotated1-rotated2.jpg,no fracture,179.76447876447878,0.207647548129038,0.5619402383595399,0.9710840404812174,4.6211389961389955,204.71657335058143,46.51381138392857,150528,55.650798095779415,501,False
./pages/models/Bone Fracture/Baseline/no fracture/5-rotated1-rotated3-rotated1-rotated1.jpg,no fracture,155.01351351351354,0.20951056074392055,0.5174837380240335,0.9752414936442033,5.011180823680823,90.65985300619371,45.492267219387756,150528,55.84300410343215,480,False
./pages/models/Bone Fracture/Baseline/no fracture/5-rotated1-rotated3-rotated1.jpg,no fracture,125.08071911196907,0.20575056464906852,0.5592554733286573,0.9796771878794345,3.9504102316602308,130.69827340255918,45.84361049107143,150528,55.49792470960308,546,False
./pages/models/Bone Fracture/Baseline/no fracture/5-rotated1-rotated3-rotated2.jpg,no fracture,160.4674831081081,0.20709735120206033,0.5415541616277555,0.9741927294162582,4.6971726190476195,120.8781244479731,46.002272002551024,150528,55.65815047435335,546,False
./pages/models/Bone Fracture/Baseline/no fracture/5-rotated1-rotated3-rotated3-rotated1.jpg,no fracture,143.54502493564996,0.20901859037365073,0.5360709062548046,0.9768693202934013,4.593367921492921,86.81123253823519,45.897142059948976,150528,55.60482001635799,531,False
./pages/models/Bone Fracture/Baseline/no fracture/5-rotated1-rotated3-rotated3.jpg,no fracture,159.49241875804378,0.20675902939772858,0.5480517825751611,0.9743190049158257,4.6159708815958815,125.0867110013664,46.114377391581634,150528,55.62481164482946,534,False
./pages/models/Bone Fracture/Baseline/no fracture/5-rotated1.jpg,no fracture,186.8581885456885,0.21625474410150497,0.5716321666491541,0.9694503445196218,4.4327944015444025,398.08516109352155,48.38813376913265,150528,55.23731596405847,477,False
./pages/models/Bone Fracture/Baseline/no fracture/5-rotated2-rotated1-rotated3-rotated1.jpg,no fracture,143.59117599742603,0.2089121461940756,0.5254089901030713,0.9769985740740397,4.711269305019305,84.2395267875827,45.65740593112245,150528,55.78046071583953,495,False
./pages/models/Bone Fracture/Baseline/no fracture/5-rotated2-rotated1.jpg,no fracture,132.41775257400258,0.21229208070321093,0.5657870140615033,0.9779300552093776,4.080839768339767,234.82516532716826,48.67540258290816,150528,54.78479833589166,516,False
./pages/models/Bone Fracture/Baseline/no fracture/5-rotated2-rotated2-rotated1-rotated1.jpg,no fracture,146.70666425353923,0.20544714379135234,0.5253578141662223,0.9764260479802894,4.768440315315316,95.33708214392416,45.76315369897959,150528,55.67935305224853,525,False
./pages/models/Bone Fracture/Baseline/no fracture/5-rotated2-rotated2-rotated2.jpg,no fracture,155.222611003861,0.1928978597905058,0.5667831535674465,0.9747947226996474,4.19944498069498,138.83396739991494,46.665397799744895,150528,55.404423458643414,546,False
./pages/models/Bone Fracture/Baseline/no fracture/5-rotated2-rotated2-rotated3-rotated1.jpg,no fracture,154.44282898970403,0.20969825417235707,0.512207502492934,0.975364152413986,5.056648166023166,88.74011477049763,45.45952248086735,150528,55.87921868885675,492,False
./pages/models/Bone Fracture/Baseline/no fracture/5-rotated2-rotated3-rotated1-rotated1.jpg,no fracture,119.39048423423422,0.20237327533788607,0.5425064743490032,0.9805089391354822,4.06286196911197,99.97518645043874,45.95491868622449,150528,55.32009453405499,555,False
./pages/models/Bone Fracture/Baseline/no fracture/5-rotated2-rotated3-rotated1.jpg,no fracture,160.31507400257402,0.2092282383797216,0.536952676243582,0.9744494336874885,4.709017052767053,120.05297892076774,45.62557796556123,150528,55.9214385099445,477,False
./pages/models/Bone Fracture/Baseline/no fracture/5-rotated2-rotated3-rotated2.jpg,no fracture,125.29548745173747,0.20897900416250698,0.5552120723587723,0.979635675593216,4.028273809523811,127.36186923011547,45.949537627551024,150528,55.48605888844906,498,False
./pages/models/Bone Fracture/Baseline/no fracture/5-rotated2-rotated3-rotated3-rotated1.jpg,no fracture,115.95181788931791,0.20307841914187674,0.5430855903326315,0.981074950724311,4.040701415701416,88.4694752115252,45.973513233418366,150528,55.33083472627214,537,False
./pages/models/Bone Fracture/Baseline/no fracture/5-rotated2-rotated3-rotated3.jpg,no fracture,128.41982384169881,0.20573725581919466,0.5486750055084473,0.9791382270346988,4.138131435006435,121.75399638195427,45.97295519770408,150528,55.489885183742665,516,False
./pages/models/Bone Fracture/Baseline/no fracture/5-rotated2-rotated3.jpg,no fracture,200.33651061776058,0.21875887093244598,0.5249604883744186,0.9682641249507964,5.400016087516087,243.4231635697034,45.781170280612244,150528,56.07950515679006,465,False
./pages/models/Bone Fracture/Baseline/no fracture/5-rotated2.jpg,no fracture,179.8150136743887,0.22778077790695278,0.582829382150207,0.9704512902806829,4.361546814671815,416.5536083104659,48.67659837372449,150528,55.116675503543085,555,False
./pages/models/Bone Fracture/Baseline/no fracture/5-rotated3-rotated1-rotated1-rotated1.jpg,no fracture,134.64778394465895,0.19462536499341784,0.5626979424797468,0.9780826838847226,4.0369007400257395,86.36183037454015,46.439532844387756,150528,55.33371453804347,510,False
./pages/models/Bone Fracture/Baseline/no fracture/5-rotated3-rotated1-rotated1.jpg,no fracture,118.74223777348776,0.20252660516396614,0.5566683541867213,0.9804816480808514,3.902992277992277,123.84393408257779,46.64991230867347,150528,55.18172024208958,474,False
./pages/models/Bone Fracture/Baseline/no fracture/5-rotated3-rotated1-rotated3-rotated1.jpg,no fracture,102.23202220077219,0.19978565732414602,0.5803091388858261,0.9833315935003941,3.50864703989704,105.86939434884043,46.37753109056123,150528,55.3621187691188,516,False
./pages/models/Bone Fracture/Baseline/no fracture/5-rotated3-rotated1-rotated3.jpg,no fracture,147.66127734877733,0.19807653074090764,0.5683005859155587,0.9760937983712747,4.030888030888031,129.0095983423426,46.427415497448976,150528,55.503055762403555,564,False
./pages/models/Bone Fracture/Baseline/no fracture/5-rotated3-rotated1.jpg,no fracture,171.39929214929214,0.20693406174887027,0.5279778482249277,0.9725442381962366,4.862693050193051,201.9089096161486,45.98929767219388,150528,55.83021993227274,543,False
./pages/models/Bone Fracture/Baseline/no fracture/5-rotated3-rotated2-rotated1-rotated1.jpg,no fracture,93.60388513513513,0.20063924268946579,0.5780657244018349,0.9845865475077754,3.4607062419562418,109.66948908718861,46.751096141581634,150528,55.13676258616192,540,False
./pages/models/Bone Fracture/Baseline/no fracture/5-rotated3-rotated2-rotated1.jpg,no fracture,169.13479327541828,0.2115781592872074,0.5243642834056188,0.9727024209505102,4.879806145431146,130.4487393088065,45.91240832270408,150528,55.54889062557872,549,False
./pages/models/Bone Fracture/Baseline/no fracture/5-rotated3-rotated2-rotated3-rotated1.jpg,no fracture,143.0245937902188,0.19494768309934085,0.5677903870606751,0.9766117303644527,3.999215733590733,122.6006812235059,47.008131377551024,150528,55.23677955183711,531,False
./pages/models/Bone Fracture/Baseline/no fracture/5-rotated3-rotated2-rotated3.jpg,no fracture,143.37059604247105,0.19576863206896447,0.5678931954002556,0.976556518151094,3.9990146396396398,123.08417363069495,47.009147799744895,150528,55.23826752354484,519,False
./pages/models/Bone Fracture/Baseline/no fracture/5-rotated3-rotated3-rotated2.jpg,no fracture,131.528856981982,0.19685802418377696,0.5803684812632899,0.9786259316595378,3.7834821428571432,134.56978465774964,46.5505221619898,150528,55.431271638352484,528,False
./pages/models/Bone Fracture/Baseline/no fracture/5-rotated3-rotated3-rotated3-rotated1.jpg,no fracture,170.33423825611325,0.21647481573358532,0.523256883805855,0.9729123518959252,5.137729247104247,129.76274438045365,45.65760522959184,150528,55.96864364646305,462,False
./pages/models/Bone Fracture/Baseline/no fracture/5-rotated3-rotated3-rotated3.jpg,no fracture,170.45853442728438,0.2186792008099873,0.5251693415260124,0.9728889614052703,5.136824324324324,129.92828557214258,45.65056999362245,150528,55.96462196695392,480,False
./pages/models/Bone Fracture/Baseline/no fracture/5-rotated3-rotated3.jpg,no fracture,213.10539333976828,0.21850164996748025,0.5092357931152423,0.9660033730168289,5.636643339768338,221.53049235917885,45.239576690051024,150528,55.87241236799726,594,False
./pages/models/Bone Fracture/Baseline/no fracture/6-rotated1-rotated1-rotated1-rotated1.jpg,no fracture,121.88404922779922,0.16384348004196694,0.5054583128590892,0.9817452470615881,5.140966859716859,156.15328948312086,55.30584343112245,150528,57.8205331785629,294,False
./pages/models/Bone Fracture/Baseline/no fracture/6-rotated1-rotated1-rotated1.jpg,no fracture,179.97832207207207,0.1484830469966214,0.4848610348309909,0.9756566506359488,5.828225546975546,182.13860843718822,63.64618542729592,150528,60.94949216934419,0,False
./pages/models/Bone Fracture/Baseline/no fracture/6-rotated1-rotated1-rotated2-rotated1.jpg,no fracture,142.7959901866152,0.18975441853917968,0.5238464030612626,0.9788291062125137,5.063445141570143,92.38689990919464,52.95838647959184,150528,58.01704217328611,324,False
./pages/models/Bone Fracture/Baseline/no fracture/6-rotated1-rotated1-rotated2.jpg,no fracture,155.67987853925354,0.1891337642757964,0.5285019292859218,0.9769297700467228,5.223556145431145,106.63885630234634,53.22500797193877,150528,58.0531281669751,393,False
./pages/models/Bone Fracture/Baseline/no fracture/6-rotated1-rotated1-rotated3-rotated1.jpg,no fracture,151.261944980695,0.19390146511285872,0.5267207265788201,0.9777671003085181,5.097289253539254,103.94293890194017,52.69599011479592,150528,58.24544189700996,366,False
./pages/models/Bone Fracture/Baseline/no fracture/6-rotated1-rotated1-rotated3.jpg,no fracture,159.43671573359072,0.19177506703082894,0.5267336247345555,0.9765312088932145,5.224239864864864,121.13848304986855,52.92006138392857,150528,58.230522351965135,396,False
./pages/models/Bone Fracture/Baseline/no fracture/6-rotated1-rotated2-rotated2-rotated1.jpg,no fracture,147.08273005148004,0.16073143075142213,0.5012718940286661,0.9779496766793,5.3061856499356495,128.81770565409505,55.07025271045919,150528,57.790027926884505,324,False
./pages/models/Bone Fracture/Baseline/no fracture/6-rotated1-rotated2-rotated2.jpg,no fracture,129.47442084942085,0.1721525834818425,0.5169963063070908,0.9806911109089986,5.198238416988417,101.72560007142208,55.072544642857146,150528,57.984940003843086,282,False
./pages/models/Bone Fracture/Baseline/no fracture/6-rotated1-rotated2-rotated3-rotated1.jpg,no fracture,153.34568050193045,0.15999804566991818,0.49868696386631295,0.9770085822642401,5.349621943371942,128.70755814532845,55.087033641581634,150528,57.78029972744116,324,False
./pages/models/Bone Fracture/Baseline/no fracture/6-rotated1-rotated2-rotated3.jpg,no fracture,129.47442084942085,0.1721525834818425,0.5169963063070908,0.9806911109089986,5.198238416988417,101.72560007142208,55.072544642857146,150528,57.984940003843086,282,False
./pages/models/Bone Fracture/Baseline/no fracture/6-rotated1-rotated3-rotated1-rotated1.jpg,no fracture,131.43293516731018,0.1625720538398351,0.5103459755735512,0.9812919220285237,5.190415862290861,76.00400757978284,57.92615991709184,150528,59.38878119847528,18,False
./pages/models/Bone Fracture/Baseline/no fracture/6-rotated1-rotated3-rotated1.jpg,no fracture,204.61776061776058,0.15808966017096746,0.4990934863478159,0.9697182866968497,5.873190154440152,216.07953869566626,55.87930484693877,150528,58.12233286585556,258,False
./pages/models/Bone Fracture/Baseline/no fracture/6-rotated1-rotated3-rotated2-rotated1.jpg,no fracture,142.17758606821104,0.1779042992970415,0.5422129302701791,0.9797196673024001,4.609093468468467,108.77563190420487,55.754663584183675,150528,59.14038466756247,147,False
./pages/models/Bone Fracture/Baseline/no fracture/6-rotated1-rotated3-rotated3-rotated1.jpg,no fracture,87.8122586872587,0.19245149774436426,0.5573673480038182,0.9871775248086104,3.8854971042471047,84.86262868573792,52.98736447704081,150528,58.437056637293885,342,False
./pages/models/Bone Fracture/Baseline/no fracture/6-rotated1-rotated3-rotated3.jpg,no fracture,103.16918034105531,0.19528626104124158,0.5801172251961567,0.9850150799869923,3.876467985842985,98.11309940245984,53.50372688137755,150528,58.581522585251015,300,False
./pages/models/Bone Fracture/Baseline/no fracture/6-rotated1.jpg,no fracture,214.35384491634485,0.15713508810660134,0.4861191743071653,0.9713419115385944,6.21774453024453,312.20602658330176,64.6732102997449,150528,61.30600193709373,3,False
./pages/models/Bone Fracture/Baseline/no fracture/6-rotated2-rotated1-rotated1-rotated1.jpg,no fracture,144.38797055984554,0.15109652381457295,0.49838054379012964,0.9801209359863853,5.247848294723294,84.08801050555552,60.51470822704081,150528,60.36568798234079,0,False
./pages/models/Bone Fracture/Baseline/no fracture/6-rotated2-rotated1-rotated2.jpg,no fracture,193.29460263835267,0.14884781776881106,0.49174687144702184,0.973720726231141,5.687097812097813,175.90203004516894,62.37143255739796,150528,60.615381727591064,3,False
./pages/models/Bone Fracture/Baseline/no fracture/6-rotated2-rotated1-rotated3-rotated1.jpg,no fracture,86.93122586872587,0.19258521865375094,0.5607720238854089,0.987448095400231,3.891690797940798,80.13179128560262,53.672632334183675,150528,58.760537730505966,351,False
./pages/models/Bone Fracture/Baseline/no fracture/6-rotated2-rotated1.jpg,no fracture,203.44650900900902,0.1550775832938257,0.5109587420220167,0.9720815892472204,5.456724581724582,309.8463521669031,60.52000956632653,150528,60.33391979639113,0,False
./pages/models/Bone Fracture/Baseline/no fracture/6-rotated2-rotated2-rotated1.jpg,no fracture,149.4434523809524,0.16079802410890276,0.5229077520094104,0.9793328421724938,4.862411518661519,98.09941781555202,59.66396285076531,150528,60.10672757461919,6,False
./pages/models/Bone Fracture/Baseline/no fracture/6-rotated2-rotated2-rotated2-rotated1.jpg,no fracture,216.3050796332046,0.1473386081190271,0.4924894107787336,0.9700272523056053,5.63459218146718,154.27590948698275,59.67777423469388,150528,60.04069793430807,0,False
./pages/models/Bone Fracture/Baseline/no fracture/6-rotated2-rotated2-rotated3.jpg,no fracture,146.40818050193053,0.16791202283532494,0.5138427906648096,0.97921888591194,5.36800193050193,102.54116523509123,57.520149075255105,150528,59.48220645563758,36,False
./pages/models/Bone Fracture/Baseline/no fracture/6-rotated2-rotated2.jpg,no fracture,249.16753137065638,0.14726368371909457,0.4873665085374037,0.9661389306541698,6.090472168597169,221.2374664423417,61.9421237244898,150528,60.6401924353975,3,False
./pages/models/Bone Fracture/Baseline/no fracture/6-rotated2-rotated3-rotated1-rotated1.jpg,no fracture,178.86504584942082,0.14576791668038608,0.49384477228998297,0.975121504375859,5.3969393500643505,102.78320027629022,60.103236607142854,150528,59.931987925526855,0,False
./pages/models/Bone Fracture/Baseline/no fracture/6-rotated2-rotated3-rotated1.jpg,no fracture,156.8131636100386,0.1565031635793186,0.5129283503528798,0.9779501618414426,5.124617921492922,143.04945283927108,57.67494419642857,150528,59.5915780715165,51,False
./pages/models/Bone Fracture/Baseline/no fracture/6-rotated2-rotated3-rotated2.jpg,no fracture,158.25482625482627,0.1595161019698363,0.5104981006983659,0.9779879304270701,5.345600064350064,160.76010767949813,59.19925860969388,150528,60.03541614790708,9,False
./pages/models/Bone Fracture/Baseline/no fracture/6-rotated3-rotated1-rotated1-rotated1.jpg,no fracture,95.73962355212355,0.17730675640804758,0.5644157771845906,0.9862737060572406,3.859194015444015,60.39211341789591,55.2795559630102,150528,58.96787475633318,162,False
./pages/models/Bone Fracture/Baseline/no fracture/6-rotated3-rotated1-rotated2-rotated1.jpg,no fracture,108.60975707850704,0.1709148674013323,0.548599592807131,0.9846441207806587,4.151544401544401,67.29848285438318,56.83360570790816,150528,59.38283745501466,54,False
./pages/models/Bone Fracture/Baseline/no fracture/6-rotated3-rotated1-rotated3-rotated1.jpg,no fracture,130.8065677284427,0.173918717968081,0.5180558762018211,0.981263123862686,5.138694498069498,82.576353308659,56.380939094387756,150528,59.19557353841223,99,False
./pages/models/Bone Fracture/Baseline/no fracture/6-rotated3-rotated1-rotated3.jpg,no fracture,159.27382963320463,0.17127489437225915,0.5181030681574791,0.9775741133517989,5.390866312741313,147.63372522431183,57.61826371173469,150528,59.68240846417638,12,False
./pages/models/Bone Fracture/Baseline/no fracture/6-rotated3-rotated1.jpg,no fracture,113.64858832046333,0.1952864458550189,0.5665364088918986,0.9837358779488252,4.13330518018018,135.80643201619074,53.99166932397959,150528,59.0216007629431,279,False
./pages/models/Bone Fracture/Baseline/no fracture/6-rotated3-rotated2-rotated1-rotated1.jpg,no fracture,89.49211711711712,0.18607851471805484,0.5752184653943455,0.9871457089582523,3.709419240669241,64.71370662385748,54.28240593112245,150528,58.912144339826895,231,False
./pages/models/Bone Fracture/Baseline/no fracture/6-rotated3-rotated2-rotated2-rotated1.jpg,no fracture,135.09300595238096,0.15984816376434136,0.5174561367142827,0.9808266848539418,4.875020109395109,97.98220286871782,57.08547911352041,150528,59.312933520692425,33,False
./pages/models/Bone Fracture/Baseline/no fracture/6-rotated3-rotated2-rotated2.jpg,no fracture,143.90305260617757,0.16045333739171225,0.5266752653241257,0.9796742420374175,4.782074485199484,141.6634853570375,57.113839285714285,150528,59.45070089455862,63,False
./pages/models/Bone Fracture/Baseline/no fracture/6-rotated3-rotated2-rotated3-rotated1.jpg,no fracture,94.06173584298584,0.18077169351607777,0.5670023627208751,0.9864576302702656,3.8340170527670527,109.58384354260502,54.486248405612244,150528,58.86327661499006,243,False
./pages/models/Bone Fracture/Baseline/no fracture/6-rotated3-rotated3-rotated1.jpg,no fracture,201.14112773487776,0.15768510241298792,0.49414229559151956,0.9702222560418156,5.8962757400257395,218.97298552740716,55.85044642857143,150528,58.125056532162,252,False
./pages/models/Bone Fracture/Baseline/no fracture/6-rotated3-rotated3-rotated3.jpg,no fracture,152.00166907979408,0.1691940821961576,0.5341077845614086,0.9787406076631606,4.670306467181468,144.29807007744728,57.59502551020408,150528,59.72401966011326,60,False
./pages/models/Bone Fracture/Baseline/no fracture/6-rotated3-rotated3.jpg,no fracture,176.60448841698837,0.1695127535063509,0.511480039582588,0.9739963418038433,5.834379021879023,250.01934829665842,55.957688934948976,150528,58.38398748536166,291,False
./pages/models/Bone Fracture/Baseline/no fracture/7-rotated1-rotated1-rotated1-rotated1.jpg,no fracture,87.53589527027025,0.26680447890646236,0.6233020479298034,0.9785798725298417,3.356077059202058,55.63232838615981,41.62264827806123,150528,45.15753216139631,939,False
./pages/models/Bone Fracture/Baseline/no fracture/7-rotated1-rotated1-rotated1.jpg,no fracture,81.68693693693696,0.26163618793755966,0.6357174645832551,0.979396697316688,2.9292149292149294,72.08803295562885,39.05889269770408,150528,44.46578027735926,1359,False
./pages/models/Bone Fracture/Baseline/no fracture/7-rotated1-rotated1-rotated3-rotated1.jpg,no fracture,70.63809121621621,0.2685118986974113,0.6109653418492128,0.9824306692843822,3.7141047297297303,52.778941604109015,38.37553810586735,150528,44.75971106924413,1251,False
./pages/models/Bone Fracture/Baseline/no fracture/7-rotated1-rotated1-rotated3.jpg,no fracture,77.78669964607467,0.2756615176014729,0.6252625469552713,0.9807623137393122,3.7378338159588167,52.23916298962791,38.397341358418366,150528,44.86750690785903,1326,False
./pages/models/Bone Fracture/Baseline/no fracture/7-rotated1-rotated2-rotated1-rotated1.jpg,no fracture,92.54412001287,0.2556046672003283,0.5975685401060645,0.9768474420504187,3.8476914414414405,78.96694535585505,40.674186862244895,150528,44.64789918108085,1113,False
./pages/models/Bone Fracture/Baseline/no fracture/7-rotated1-rotated2-rotated1.jpg,no fracture,91.22995093307594,0.26087933931382945,0.6215397405828721,0.9769161922551343,3.6210786679536677,69.93128432178933,40.61967873086735,150528,44.36484984905199,1179,False
./pages/models/Bone Fracture/Baseline/no fracture/7-rotated1-rotated2-rotated3-rotated1.jpg,no fracture,70.68028072715573,0.2663167950335856,0.6148824747691499,0.9824291983855333,3.6705477799227797,39.53955603023211,38.96087771045919,150528,44.756945781521814,1116,False
./pages/models/Bone Fracture/Baseline/no fracture/7-rotated1-rotated3-rotated1-rotated1.jpg,no fracture,59.384370978120984,0.2869551882313383,0.68872473783866,0.9852464223384331,2.1446669884169887,44.323810874100076,38.19702646683673,150528,44.80456698444035,1281,False
./pages/models/Bone Fracture/Baseline/no fracture/7-rotated1-rotated3-rotated1.jpg,no fracture,84.104046010296,0.2636975643778748,0.6269605235200919,0.9786127225781118,3.0910955598455603,76.1111693753644,39.797971141581634,150528,44.29313892107837,1317,False
./pages/models/Bone Fracture/Baseline/no fracture/7-rotated1-rotated3-rotated2.jpg,no fracture,80.01860119047619,0.26660626996759607,0.6396915011523624,0.9801066530804291,2.926781692406692,74.71194175480308,38.96117665816327,150528,44.785698348347196,1275,False
./pages/models/Bone Fracture/Baseline/no fracture/7-rotated1-rotated3-rotated3-rotated1.jpg,no fracture,72.22850305662806,0.26840306387616697,0.628377337649125,0.9819786275480683,2.96611566924067,54.226511150139274,38.75534119897959,150528,44.7086587753933,1281,False
./pages/models/Bone Fracture/Baseline/no fracture/7-rotated1-rotated3-rotated3.jpg,no fracture,68.03390444015444,0.27519891071266944,0.655697840008931,0.9831032819459041,2.5622184684684677,63.36719034672379,38.787767059948976,150528,44.81287378595511,1230,False
./pages/models/Bone Fracture/Baseline/no fracture/7-rotated1-rotated3.jpg,no fracture,81.16966296653798,0.27211904100002343,0.6566107435933496,0.979480700745618,2.76960666023166,94.82158713914711,39.78364158163265,150528,44.42352711234361,1290,False
./pages/models/Bone Fracture/Baseline/no fracture/7-rotated2-rotated1-rotated1-rotated1.jpg,no fracture,69.0967462998713,0.2659662724446356,0.6436138144879019,0.9823457343831621,2.839587355212356,63.24457765648335,40.75763313137755,150528,44.20807782453366,1221,False
./pages/models/Bone Fracture/Baseline/no fracture/7-rotated2-rotated1-rotated2-rotated1.jpg,no fracture,88.23944256756756,0.26246839695715984,0.6096731737203632,0.9778255229388773,3.6504383848133846,68.90568495730172,41.83707350127551,150528,44.521355434013664,996,False
./pages/models/Bone Fracture/Baseline/no fracture/7-rotated2-rotated1-rotated3.jpg,no fracture,68.73105694980694,0.26800342103321473,0.6466492769604928,0.9824752309805982,2.7820543758043756,64.01658058682862,40.404376594387756,150528,44.248529265204816,1260,False
./pages/models/Bone Fracture/Baseline/no fracture/7-rotated2-rotated1.jpg,no fracture,137.740448037323,0.2557999070963809,0.6043525195256648,0.9667787752382329,3.9715049871299875,166.2917031268684,42.102519132653065,150528,45.46514459932063,1098,False
./pages/models/Bone Fracture/Baseline/no fracture/7-rotated2-rotated2-rotated2-rotated1.jpg,no fracture,72.81064993564995,0.26063633205308967,0.6301503268738438,0.9814271385268759,2.9544321106821108,49.165338918994934,39.782784598214285,150528,44.22671932074676,1278,False
./pages/models/Bone Fracture/Baseline/no fracture/7-rotated2-rotated2-rotated3-rotated1.jpg,no fracture,56.931708494208486,0.2790962767492843,0.7041698774182946,0.9857072187460479,2.0176560489060487,37.25987592512049,38.5061184630102,150528,44.56898220665197,1287,False
./pages/models/Bone Fracture/Baseline/no fracture/7-rotated2-rotated2.jpg,no fracture,112.11110440797941,0.2670502730521345,0.609747340850065,0.9712588216871411,3.8370133526383525,137.16099409161387,41.984295280612244,150528,44.097819201591804,1182,False
./pages/models/Bone Fracture/Baseline/no fracture/7-rotated2-rotated3-rotated1-rotated1.jpg,no fracture,59.570141570141566,0.2777273034548356,0.7097680431051014,0.9852097023562358,1.9966216216216215,42.75610569545201,37.92727598852041,150528,44.814283283904494,1302,False
./pages/models/Bone Fracture/Baseline/no fracture/7-rotated2-rotated3-rotated1.jpg,no fracture,85.4561615186615,0.2729827987919801,0.6200952289668057,0.9788657160635756,3.7981821106821103,63.671645004418615,39.38237404336735,150528,44.87334202186034,1110,False
./pages/models/Bone Fracture/Baseline/no fracture/7-rotated2-rotated3-rotated3-rotated1.jpg,no fracture,75.75882802445302,0.27814544701338195,0.6450024587032975,0.9813068326476484,2.8903434684684686,47.16110519129552,37.74428013392857,150528,44.93625947788853,1314,False
./pages/models/Bone Fracture/Baseline/no fracture/7-rotated3-rotated1-rotated2-rotated1.jpg,no fracture,83.26174388674387,0.2598492333293658,0.6122230349397364,0.9792664294251234,3.558920527670528,71.02231671143849,39.92191485969388,150528,44.74416898470438,1101,False
./pages/models/Bone Fracture/Baseline/no fracture/7-rotated3-rotated1-rotated2.jpg,no fracture,99.03991714929214,0.25585504287751737,0.6052922576336793,0.9754630120697377,4.000583172458173,105.99458494388973,39.93999123086735,150528,44.862215166897926,1170,False
./pages/models/Bone Fracture/Baseline/no fracture/7-rotated3-rotated1-rotated3-rotated1.jpg,no fracture,98.74302203989704,0.2575953628106268,0.6054263294666917,0.9755273688566825,3.996802606177606,105.2039128513646,39.936104910714285,150528,44.8532211413439,1173,False
./pages/models/Bone Fracture/Baseline/no fracture/7-rotated3-rotated1-rotated3.jpg,no fracture,119.40878378378379,0.26460195590789093,0.6189629820007712,0.9706366539006225,4.190958815958816,185.40821094822755,39.95035475127551,150528,44.99580641725204,1314,False
./pages/models/Bone Fracture/Baseline/no fracture/7-rotated3-rotated2-rotated1-rotated1.jpg,no fracture,74.7778112934363,0.25819767665408916,0.6001596432146779,0.9813024139503266,3.7289454633204633,49.51892148907211,39.89526865433673,150528,44.65852328620108,1143,False
./pages/models/Bone Fracture/Baseline/no fracture/7-rotated3-rotated2-rotated2-rotated1.jpg,no fracture,80.53086792149293,0.2654823492573525,0.618393435114309,0.9800384750625202,3.799167471042472,57.867250616080746,39.217853156887756,150528,44.822690836474635,1215,False
./pages/models/Bone Fracture/Baseline/no fracture/7-rotated3-rotated2-rotated2.jpg,no fracture,97.0924831081081,0.26434538760770465,0.6056858555406457,0.9759446096835382,4.021054536679537,125.43999114030602,39.94146603954081,150528,44.84084780610895,1173,False
./pages/models/Bone Fracture/Baseline/no fracture/7-rotated3-rotated2-rotated3-rotated1.jpg,no fracture,63.20443211068211,0.2643758416715981,0.6239643526709366,0.9842849271512709,3.0769787644787647,45.64069113836642,39.46773357780612,150528,44.785627901493804,1128,False
./pages/models/Bone Fracture/Baseline/no fracture/7-rotated3-rotated2.jpg,no fracture,157.94705196267694,0.26415489237461776,0.6106774080003123,0.9628128419666626,4.387447715572715,307.1888553169756,43.11712771045919,150528,46.087698850566554,1230,False
./pages/models/Bone Fracture/Baseline/no fracture/7-rotated3-rotated3-rotated1.jpg,no fracture,73.1098174066924,0.2642899260797625,0.6279961318321255,0.9816234143519709,3.1413087194337197,74.51116614439051,40.84747688137755,150528,44.56867580994652,1110,False
./pages/models/Bone Fracture/Baseline/no fracture/7-rotated3-rotated3-rotated2.jpg,no fracture,80.93914897039895,0.27060082279258263,0.6140997379456725,0.9799772329627413,3.8414977477477468,69.36883842344334,38.07290338010204,150528,44.88229790959503,1356,False
./pages/models/Bone Fracture/Baseline/no fracture/7-rotated3-rotated3-rotated3-rotated1.jpg,no fracture,70.70135537323037,0.26413585144698887,0.6043973076123774,0.9824270491998921,3.741212194337195,44.75168327091635,38.04215162627551,150528,44.778394219014984,1248,False
./pages/models/Bone Fracture/Baseline/no fracture/7-rotated3-rotated3-rotated3.jpg,no fracture,79.02447313384813,0.26915766851445483,0.6078991197352409,0.9804430810731891,3.8520953989703997,64.49057537453812,38.05486686862245,150528,44.8749409213464,1389,False
./pages/models/Bone Fracture/Baseline/no fracture/7.jpg,no fracture,24.66890622166038,0.2981429750609417,0.7477505958928461,0.9942824750622526,1.2732540062430708,48.35887682814081,44.76679006897454,8810208,46.43430374859811,89649,True
./pages/models/Bone Fracture/Baseline/no fracture/8-rotated1-rotated1-rotated1-rotated1.jpg,no fracture,86.16916023166023,0.14922695016926105,0.5618150160304537,0.9738530831919868,3.268018018018018,112.84375718413469,60.47359295280612,150528,40.695868085866486,159,False
./pages/models/Bone Fracture/Baseline/no fracture/8-rotated1-rotated1-rotated2-rotated1.jpg,no fracture,85.19447796010296,0.14895986003130757,0.5552820705406418,0.9746463553235484,3.3824605855855854,123.31394730186223,59.854711415816325,150528,41.107320508524644,129,False
./pages/models/Bone Fracture/Baseline/no fracture/8-rotated1-rotated1-rotated2.jpg,no fracture,106.06774855212355,0.15724118359283734,0.5614676210749959,0.9688748808066071,3.5570101351351355,161.25326216513793,59.850665656887756,150528,41.373058278627056,231,False
./pages/models/Bone Fracture/Baseline/no fracture/8-rotated1-rotated1.jpg,no fracture,157.4040781853282,0.13909031460422616,0.5148779851445385,0.9498243746875797,4.498391248391249,296.9881450739667,62.87484056122449,150528,39.794135024806586,339,False
./pages/models/Bone Fracture/Baseline/no fracture/8-rotated1-rotated2-rotated1-rotated1.jpg,no fracture,138.9462274774775,0.16762168531394434,0.5004895885545726,0.9625393746764935,4.869168275418275,123.36640860904313,58.50605867346939,150528,43.11550290976986,93,False
./pages/models/Bone Fracture/Baseline/no fracture/8-rotated1-rotated2-rotated1.jpg,no fracture,99.5045045045045,0.14811788434935144,0.549207304771787,0.9687611637218756,3.544441763191762,174.08930612355164,62.26357222576531,150528,40.024314312115564,237,False
./pages/models/Bone Fracture/Baseline/no fracture/8-rotated1-rotated2-rotated3.jpg,no fracture,126.79850386100385,0.14787509291442422,0.5375327596991237,0.9626037030657191,4.0032175032175035,192.43298828199676,60.64664381377551,150528,41.323158830517634,213,False
./pages/models/Bone Fracture/Baseline/no fracture/8-rotated1-rotated2.jpg,no fracture,139.53782577220076,0.14058347384852038,0.5359778759963576,0.9557236665765494,4.113959942084942,314.6726557335621,62.83153300382653,150528,39.827624274900955,381,False
./pages/models/Bone Fracture/Baseline/no fracture/8-rotated1-rotated3-rotated1-rotated1.jpg,no fracture,130.44492036679537,0.16019944927902874,0.5083473933857409,0.964669546106331,4.587536196911197,131.93392009488844,58.506716358418366,150528,43.0816787677982,117,False
./pages/models/Bone Fracture/Baseline/no fracture/8-rotated1-rotated3-rotated2.jpg,no fracture,152.44974662162159,0.16095795320231251,0.5120548743740773,0.9576848896204018,4.769847972972971,180.9683316062759,59.46958705357143,150528,42.49851381467063,225,False
./pages/models/Bone Fracture/Baseline/no fracture/8-rotated1-rotated3.jpg,no fracture,206.89295768983266,0.16656427820126019,0.49520412401451064,0.9449224127892365,5.5969876126126135,308.66596319753893,59.20003587372449,150528,43.38067630143503,294,False
./pages/models/Bone Fracture/Baseline/no fracture/8-rotated1.jpg,no fracture,174.22808075933077,0.1512768599923417,0.5421556478906431,0.9416057991415464,4.260014478764479,531.191050912777,64.17311065051021,150528,38.721929729985106,498,False
./pages/models/Bone Fracture/Baseline/no fracture/8-rotated2-rotated1-rotated1-rotated1.jpg,no fracture,98.34700772200775,0.14993301014974234,0.5577214041971721,0.9697722811539088,3.424227799227799,153.73425326293736,61.324099170918366,150528,40.44668960300962,186,False
./pages/models/Bone Fracture/Baseline/no fracture/8-rotated2-rotated1-rotated1.jpg,no fracture,111.43412162162163,0.15596699707399259,0.5545993878044763,0.968685155547775,3.7642374517374515,174.0133938215415,58.60204081632653,150528,42.31793506504366,168,False
./pages/models/Bone Fracture/Baseline/no fracture/8-rotated2-rotated1-rotated2.jpg,no fracture,117.40212757400258,0.13675496124907027,0.5318331906709377,0.9604985020646095,3.9352678571428568,191.99302697767573,63.513392857142854,150528,38.71776221335563,234,False
./pages/models/Bone Fracture/Baseline/no fracture/8-rotated2-rotated1-rotated3-rotated1.jpg,no fracture,99.42444900257402,0.13564950061543402,0.5320817283519542,0.9662130703951841,3.7028032496782495,138.46619305656336,63.498465401785715,150528,38.51395247533755,174,False
./pages/models/Bone Fracture/Baseline/no fracture/8-rotated2-rotated1.jpg,no fracture,216.7175635456886,0.1483669365467408,0.5119104734840219,0.9363887018866239,5.130811615186616,538.7500479943253,61.835319674744895,150528,41.34221782799838,429,False
./pages/models/Bone Fracture/Baseline/no fracture/8-rotated2-rotated2-rotated2-rotated1.jpg,no fracture,89.83098053410552,0.16545411378112945,0.5670868033836314,0.9741160783720815,3.3535432754182746,111.6708209102524,59.19188456632653,150528,41.74514460058702,126,False
./pages/models/Bone Fracture/Baseline/no fracture/8-rotated2-rotated2-rotated3-rotated1.jpg,no fracture,139.11896718146718,0.17845949931528762,0.5079358158872456,0.9633308445581936,4.7728040540540535,132.59115306341064,57.20948262117347,150528,43.61547949046545,102,False
./pages/models/Bone Fracture/Baseline/no fracture/8-rotated2-rotated2-rotated3.jpg,no fracture,128.72717583655083,0.17717026355012322,0.5341074029356034,0.9655920651885277,4.319799710424711,153.8245487391874,57.78154894770408,150528,43.310854633750445,165,False
./pages/models/Bone Fracture/Baseline/no fracture/8-rotated2-rotated3-rotated2-rotated1.jpg,no fracture,119.80003217503219,0.13615548116873064,0.5243174236534289,0.9630732635663732,3.994771557271557,144.2312086392124,61.42315051020408,150528,40.4504914755062,138,False
./pages/models/Bone Fracture/Baseline/no fracture/8-rotated2-rotated3-rotated3-rotated1.jpg,no fracture,119.62467824967824,0.14416519112377832,0.5256147606379282,0.9644707364841901,4.040379665379664,133.98605640567084,60.68470982142857,150528,41.19492838092972,126,False
./pages/models/Bone Fracture/Baseline/no fracture/8-rotated2-rotated3.jpg,no fracture,131.30910151222648,0.1594068611000323,0.5548245780526789,0.9623648654856436,3.9261381917631915,249.25803081595063,59.50546077806123,150528,41.85042982143166,303,False
./pages/models/Bone Fracture/Baseline/no fracture/8-rotated3-rotated1-rotated1.jpg,no fracture,138.31869369369372,0.14546605740141783,0.5047064568302734,0.9607423130454351,4.613095238095238,157.31465010978636,60.254603794642854,150528,42.12133569072524,174,False
./pages/models/Bone Fracture/Baseline/no fracture/8-rotated3-rotated1-rotated2.jpg,no fracture,202.52109475546976,0.17471974658291417,0.5000534203916023,0.9475800920381402,5.566783301158301,254.94995859472613,57.16410235969388,150528,44.00629710498923,261,False
./pages/models/Bone Fracture/Baseline/no fracture/8-rotated3-rotated1.jpg,no fracture,163.1127935971686,0.1519835422209684,0.5119123155416974,0.955197930453468,4.769003378378379,265.59581393393216,59.82537468112245,150528,42.80310719550444,297,False
./pages/models/Bone Fracture/Baseline/no fracture/8-rotated3-rotated2-rotated1-rotated1.jpg,no fracture,106.02409105534105,0.16083944262428054,0.547031119543597,0.9711378380176229,3.785995817245817,145.48041367441454,57.83350605867347,150528,42.99313503558935,174,False
./pages/models/Bone Fracture/Baseline/no fracture/8-rotated3-rotated2-rotated3.jpg,no fracture,112.75643500643498,0.1620417453671453,0.5365112189054643,0.9692254041431947,4.00864703989704,143.14473810755973,57.971320950255105,150528,42.92472854716224,177,False
./pages/models/Bone Fracture/Baseline/no fracture/8-rotated3-rotated3.jpg,no fracture,213.63839285714286,0.18120730306783772,0.4867842897836591,0.9451515863186328,6.067808880308879,250.7505564020356,57.24882413903061,150528,44.205646231828815,252,False
./pages/models/Bone Fracture/Baseline/no fracture/8-rotated3.jpg,no fracture,249.38682432432427,0.1581856710803293,0.4973722197234332,0.9329746783463153,5.822514478764479,544.507458268181,59.94515306122449,150528,43.17469802107788,426,False
./pages/models/Bone Fracture/Baseline/no fracture/9-rotated1-rotated2-rotated1-rotated1.jpg,no fracture,73.22930743243242,0.31311401055483623,0.6443530382230453,0.9839631033076222,3.110983751608752,52.151158165206816,36.79755261479592,150528,47.8303732973396,3942,True
./pages/models/Bone Fracture/Baseline/no fracture/9-rotated1-rotated2-rotated2.jpg,no fracture,146.16306708494204,0.3154024957023346,0.6088906249501651,0.9678366574515699,4.516710907335906,74.12597584436456,35.30709901147959,150528,47.54535313674096,4332,True
./pages/models/Bone Fracture/Baseline/no fracture/9-rotated1-rotated2-rotated3-rotated1.jpg,no fracture,96.02582046332046,0.31009537168928714,0.6330957972174223,0.9791543040054772,3.4364543114543116,85.7206346924133,37.14010682397959,150528,47.90609733146665,3951,True
./pages/models/Bone Fracture/Baseline/no fracture/9-rotated1-rotated2-rotated3.jpg,no fracture,127.96766409266408,0.3129325870232786,0.6308397190336499,0.9723606193622469,3.7887306949806945,90.39223010537032,37.15648915816327,150528,47.99973494208822,3906,True
./pages/models/Bone Fracture/Baseline/no fracture/9-rotated1-rotated2.jpg,no fracture,79.773166023166,0.35100290547218677,0.6951599284136728,0.9808515877840992,2.6372265122265124,103.86110278935493,33.48911830357143,150528,45.66205557230952,4788,True
./pages/models/Bone Fracture/Baseline/no fracture/9-rotated1-rotated3-rotated1-rotated1.jpg,no fracture,131.83234797297297,0.31359028890701734,0.6009311201819542,0.9686225321780708,4.453486969111969,78.29988821006626,32.92691725127551,150528,45.72116364221627,4614,True
./pages/models/Bone Fracture/Baseline/no fracture/9-rotated1-rotated3-rotated2-rotated1.jpg,no fracture,134.3193371943372,0.31222592812823524,0.5978910114693831,0.9678849365086406,4.493243243243244,75.02892792458236,32.67237324617347,150528,45.62076597102334,4716,True
./pages/models/Bone Fracture/Baseline/no fracture/9-rotated1-rotated3-rotated2.jpg,no fracture,148.68146718146718,0.3225799646343281,0.6054162218708694,0.9646870031355823,4.607464607464608,67.31801410438321,32.670539700255105,150528,45.767620840746915,4842,True
./pages/models/Bone Fracture/Baseline/no fracture/9-rotated1-rotated3-rotated3-rotated1.jpg,no fracture,134.4961792149292,0.31696600040492917,0.596640673943665,0.967922196055886,4.473334942084941,57.093717324440796,32.60919563137755,150528,45.674424087527946,4773,True
./pages/models/Bone Fracture/Baseline/no fracture/9-rotated1-rotated3-rotated3.jpg,no fracture,148.3828828828829,0.3150059383063053,0.6009662599137812,0.9648599355689307,4.613457207207207,68.42520358948745,32.64150191326531,150528,45.83433145818478,4644,True
./pages/models/Bone Fracture/Baseline/no fracture/9-rotated2-rotated1-rotated1-rotated1.jpg,no fracture,118.5015082046332,0.3011973773975988,0.6026236315023121,0.9733366301331533,4.156994047619047,71.6588306037747,34.793965242346935,150528,47.03324861267072,4392,True
./pages/models/Bone Fracture/Baseline/no fracture/9-rotated2-rotated1-rotated1.jpg,no fracture,91.31362612612611,0.3436239690784493,0.6622268624522919,0.9792949239066758,3.1986003861003853,105.07451636271892,36.631277901785715,150528,47.02553194960281,4347,True
./pages/models/Bone Fracture/Baseline/no fracture/9-rotated2-rotated1-rotated3-rotated1.jpg,no fracture,123.66491714929215,0.3038669585013869,0.6131025817199921,0.9729375776687019,3.944679054054054,70.89451825961328,35.91444116709184,150528,47.69529946982688,4107,True
./pages/models/Bone Fracture/Baseline/no fracture/9-rotated2-rotated1.jpg,no fracture,162.56243967181467,0.30638764798987633,0.6058180972001267,0.9650399353660052,4.489482786357785,117.32831590923357,36.6530612244898,150528,48.113341022827605,4209,True
./pages/models/Bone Fracture/Baseline/no fracture/9-rotated2-rotated2-rotated1.jpg,no fracture,79.38955920205919,0.3486939675471081,0.6944081744510188,0.9809519954800511,2.6467985842985837,97.57332906917648,33.48744419642857,150528,45.67256617028254,4761,True
./pages/models/Bone Fracture/Baseline/no fracture/9-rotated2-rotated2-rotated2.jpg,no fracture,130.72484314671814,0.3083996830539249,0.6080513537306971,0.9698359551402986,4.271778474903475,94.422577793625,33.79410475127551,150528,46.43895228560904,4449,True
./pages/models/Bone Fracture/Baseline/no fracture/9-rotated2-rotated2-rotated3-rotated1.jpg,no fracture,130.25174951737452,0.3106337392109764,0.5977042803996143,0.9697977653445048,4.439893018018018,81.29239068116709,33.779655612244895,150528,46.32441869282696,4527,True
./pages/models/Bone Fracture/Baseline/no fracture/9-rotated2-rotated2-rotated3.jpg,no fracture,134.91340894465895,0.3072615741370925,0.6061638717347088,0.9688884387957368,4.362773487773488,95.5641132483429,33.801438934948976,150528,46.45429291293147,4491,True
./pages/models/Bone Fracture/Baseline/no fracture/9-rotated2-rotated3-rotated1-rotated1.jpg,no fracture,113.78034507722006,0.3044479556835464,0.6200777439144355,0.9751176748103063,3.8239020270270268,58.615881368946106,36.10913584183673,150528,47.71184641185814,4077,True
./pages/models/Bone Fracture/Baseline/no fracture/9-rotated2-rotated3-rotated1.jpg,no fracture,80.28199404761902,0.3489532769768587,0.6926937104506785,0.9807110601955651,2.6804013835263825,100.98737993284048,33.21825175382653,150528,45.636175273170444,4707,True
./pages/models/Bone Fracture/Baseline/no fracture/9-rotated2-rotated3-rotated2.jpg,no fracture,85.34067326254826,0.3158544524384806,0.6510185953549121,0.9813562331317621,3.234777187902187,78.1284356599845,35.86310188137755,150528,47.85220953525963,4128,True
./pages/models/Bone Fracture/Baseline/no fracture/9-rotated2-rotated3-rotated3-rotated1.jpg,no fracture,135.3264157014157,0.30265302173488423,0.6054525590073385,0.9705744265137931,4.204874517374517,79.30858308441783,36.130002391581634,150528,47.848974223398976,4209,True
./pages/models/Bone Fracture/Baseline/no fracture/9-rotated2-rotated3-rotated3.jpg,no fracture,135.32541023166021,0.3037467769861336,0.6052531057523968,0.970569905792926,4.206322393822394,79.61467241813918,36.13321109693877,150528,47.84523597901714,4200,True
./pages/models/Bone Fracture/Baseline/no fracture/9-rotated3-rotated1-rotated1-rotated1.jpg,no fracture,60.899613899613904,0.33783974523251925,0.6922200593161563,0.9855346686574251,2.5029761904761902,48.054256205656095,34.268195950255105,150528,45.9201350038333,4503,True
./pages/models/Bone Fracture/Baseline/no fracture/9-rotated3-rotated1-rotated1.jpg,no fracture,148.07283622908625,0.30115876273677816,0.6014017533256755,0.9680726136977795,4.324163449163449,97.29023407598876,37.03061224489796,150528,48.04390675035587,3984,True
./pages/models/Bone Fracture/Baseline/no fracture/9-rotated3-rotated1-rotated2-rotated1.jpg,no fracture,136.9614100707851,0.31974346922648794,0.6146713965169585,0.9698726588890396,4.265986969111969,60.520275236715214,35.701251594387756,150528,47.55588225665697,4155,True
./pages/models/Bone Fracture/Baseline/no fracture/9-rotated3-rotated1-rotated2.jpg,no fracture,149.05351110038606,0.32930532878488467,0.6292036155105275,0.9673116929908804,4.161337676962677,87.61893794398564,36.78119021045919,150528,47.62779881887098,4104,True
./pages/models/Bone Fracture/Baseline/no fracture/9-rotated3-rotated1-rotated3-rotated1.jpg,no fracture,64.11361808236809,0.3363359425057434,0.6825743043242752,0.9850507310706985,2.6534749034749034,49.658216914153506,35.14435188137755,150528,46.36011468024772,4383,True
./pages/models/Bone Fracture/Baseline/no fracture/9-rotated3-rotated1-rotated3.jpg,no fracture,76.40620978120981,0.33158050939872524,0.6681498948185629,0.9826150624767761,2.9657738095238098,67.85959286791044,36.04681521045919,150528,46.942135815670284,4338,True
./pages/models/Bone Fracture/Baseline/no fracture/9-rotated3-rotated2-rotated1.jpg,no fracture,167.82261502574005,0.3135295746275707,0.6058582089311044,0.9637561839215993,4.685790701415701,112.36301255136765,35.9775390625,150528,47.99342055847833,4272,True
./pages/models/Bone Fracture/Baseline/no fracture/9-rotated3-rotated2-rotated3.jpg,no fracture,132.4514358108108,0.3383531433938106,0.6517810633204184,0.9693952123817465,3.571167149292149,111.9167684597157,35.927754304846935,150528,46.42454719625313,4410,True
./pages/models/Bone Fracture/Baseline/no fracture/9-rotated3-rotated2.jpg,no fracture,167.79496460746466,0.31494410540141804,0.6058945589045736,0.9637619104679516,4.685408622908623,111.69958846899728,35.980189732142854,150528,47.993541528747954,4272,True
./pages/models/Bone Fracture/Baseline/no fracture/9-rotated3-rotated3-rotated1-rotated1.jpg,no fracture,133.62059604247102,0.3147671042935399,0.6003433126296289,0.968603635974507,4.479950933075933,50.635059283604875,33.220723054846935,150528,46.01379858953079,4599,True
./pages/models/Bone Fracture/Baseline/no fracture/9-rotated3-rotated3-rotated2-rotated1.jpg,no fracture,126.2581443050193,0.31407713018187505,0.6031373816102046,0.9703416018420934,4.323540057915057,74.55468340567477,33.30966996173469,150528,46.02451895055064,4590,True
./pages/models/Bone Fracture/Baseline/no fracture/9-rotated3-rotated3-rotated2.jpg,no fracture,147.34956161518656,0.3167624794057077,0.60268931177476,0.9656211429598209,4.631615990990991,66.60497485355057,33.2863919005102,150528,46.17500351947697,4659,True
./pages/models/Bone Fracture/Baseline/no fracture/9-rotated3-rotated3-rotated3-rotated1.jpg,no fracture,128.87640765765767,0.31282362959311383,0.6013956672607627,0.9694847237720888,4.383405727155727,77.0855423853031,33.043287627551024,150528,45.84373325822406,4671,True
./pages/models/Bone Fracture/Baseline/no fracture/9-rotated3-rotated3-rotated3.jpg,no fracture,148.66212194337194,0.31684108119887305,0.6023672860102675,0.9650339755813112,4.6435408622908625,66.32482020708977,33.038404815051024,150528,45.98871940528778,4599,True
./pages/models/Bone Fracture/Baseline/no fracture/9.jpg,no fracture,10.68825524088682,0.39331472197004386,0.8268797909277948,0.9977132953821901,0.7016160897739845,17.022020457949804,38.50169128347263,20054592,48.33459780419751,542010,True
